Distance_to_soma,0,5,10,15,20,25,30,35,40,45,50,55,60,65,70,75,80,85,90,95,100,105,110,115,120,125,130,135,140,145,150,155,160,165,170,175,180,185,190,195,200,205,210,215,220,225,230,235,240,245,250,255,260,265,270,275,280,285,290,295,300,305,310,315,320,325,330,335,340,345,350,355,360,365,370,375,380,385,390,395,400,405,410,415,420,425,430,435,440,445,450,455,460,465,470,475,480,485,490,495,500,505,510,515,520,525,530,535,540,545,550,555,560,565,570,575,580,585,590,595
00023_P001_T01-S001_MFG_R0460_WY-20220415_GYC_stamp_2022_08_31_14_32,10,10,10,11,14,15,15,16,18,21,29,22,22,20,20,19,18,15,14,13,14,13,11,10,9,8,7,4,5,5,5,3,0,0,0,0,0,0,0,0,0,0,0,0,0,0,0,0,0,0,0,0,0,0,0,0,0,0,0,0,0,0,0,0,0,0,0,0,0,0,0,0,0,0,0,0,0,0,0,0,0,0,0,0,0,0,0,0,0,0,0,0,0,0,0,0,0,0,0,0,0,0,0,0,0,0,0,0,0,0,0,0,0,0,0,0,0,0,0,0
00030_P001_T01-S001_MFG_R0460_WY-20220415_GYC_stamp_2022_08_31_14_36,10,10,10,10,10,12,13,15,16,17,18,17,17,17,18,18,17,19,19,18,18,18,16,15,14,12,7,5,2,1,1,1,1,0,0,0,0,0,0,0,0,0,0,0,0,0,0,0,0,0,0,0,0,0,0,0,0,0,0,0,0,0,0,0,0,0,0,0,0,0,0,0,0,0,0,0,0,0,0,0,0,0,0,0,0,0,0,0,0,0,0,0,0,0,0,0,0,0,0,0,0,0,0,0,0,0,0,0,0,0,0,0,0,0,0,0,0,0,0,0
00031_P001_T01-S001_MFG_R0460_WY-20220415_GYC_stamp_2022_08_31_14_39,8,8,8,8,8,10,10,9,11,13,14,17,17,19,20,18,17,17,17,13,12,11,8,8,8,6,6,4,2,1,1,0,0,0,0,0,0,0,0,0,0,0,0,0,0,0,0,0,0,0,0,0,0,0,0,0,0,0,0,0,0,0,0,0,0,0,0,0,0,0,0,0,0,0,0,0,0,0,0,0,0,0,0,0,0,0,0,0,0,0,0,0,0,0,0,0,0,0,0,0,0,0,0,0,0,0,0,0,0,0,0,0,0,0,0,0,0,0,0,0
00044_P001_T01-S002_MFG_R0460_WY-20220415_YXQ_stamp_2022_08_31_14_42,8,8,8,10,11,12,12,12,13,18,24,22,25,26,29,31,26,29,25,21,16,16,11,8,6,6,2,0,0,0,0,0,0,0,0,0,0,0,0,0,0,0,0,0,0,0,0,0,0,0,0,0,0,0,0,0,0,0,0,0,0,0,0,0,0,0,0,0,0,0,0,0,0,0,0,0,0,0,0,0,0,0,0,0,0,0,0,0,0,0,0,0,0,0,0,0,0,0,0,0,0,0,0,0,0,0,0,0,0,0,0,0,0,0,0,0,0,0,0,0
00045_P001_T01-S002_MFG_R0460_WY-20220415_YXQ_stamp_2022_06_24_16_16,8,8,8,9,10,14,23,25,30,35,35,36,34,36,36,33,30,27,21,21,18,15,13,10,8,7,7,6,4,3,2,2,2,2,1,0,0,0,0,0,0,0,0,0,0,0,0,0,0,0,0,0,0,0,0,0,0,0,0,0,0,0,0,0,0,0,0,0,0,0,0,0,0,0,0,0,0,0,0,0,0,0,0,0,0,0,0,0,0,0,0,0,0,0,0,0,0,0,0,0,0,0,0,0,0,0,0,0,0,0,0,0,0,0,0,0,0,0,0,0
00073_P003_T02-S001_STG_R0460_GYC-20220516_GYC_stamp_2022_08_12_09_49,8,8,8,9,10,10,12,15,14,18,22,21,24,20,20,17,19,14,13,12,11,10,10,8,7,6,4,2,1,0,0,0,0,0,0,0,0,0,0,0,0,0,0,0,0,0,0,0,0,0,0,0,0,0,0,0,0,0,0,0,0,0,0,0,0,0,0,0,0,0,0,0,0,0,0,0,0,0,0,0,0,0,0,0,0,0,0,0,0,0,0,0,0,0,0,0,0,0,0,0,0,0,0,0,0,0,0,0,0,0,0,0,0,0,0,0,0,0,0,0
00082_P003_T02-S003_STG_R0460_GYC-20220516_LJ_stamp_2022_08_12_10_54,8,8,8,8,8,6,7,9,10,12,14,17,17,18,19,20,22,22,19,19,20,20,16,8,7,6,5,3,2,1,0,0,0,0,0,0,0,0,0,0,0,0,0,0,0,0,0,0,0,0,0,0,0,0,0,0,0,0,0,0,0,0,0,0,0,0,0,0,0,0,0,0,0,0,0,0,0,0,0,0,0,0,0,0,0,0,0,0,0,0,0,0,0,0,0,0,0,0,0,0,0,0,0,0,0,0,0,0,0,0,0,0,0,0,0,0,0,0,0,0
00083_P003_T02-S003_STG_R0460_GYC-20220516_LJ_stamp_2022_08_10_14_32,10,10,10,10,13,13,17,18,19,20,21,20,19,20,19,20,19,20,20,16,12,13,11,11,10,6,6,5,4,4,3,1,1,1,0,0,0,0,0,0,0,0,0,0,0,0,0,0,0,0,0,0,0,0,0,0,0,0,0,0,0,0,0,0,0,0,0,0,0,0,0,0,0,0,0,0,0,0,0,0,0,0,0,0,0,0,0,0,0,0,0,0,0,0,0,0,0,0,0,0,0,0,0,0,0,0,0,0,0,0,0,0,0,0,0,0,0,0,0,0
00098_P003_T01-S006_S(M)TG_R0460_WY-20220513_YXQ_stamp_2022_08_10_17_25,6,6,6,6,7,10,12,14,22,25,25,25,23,24,23,22,20,20,16,12,9,10,9,6,6,5,5,4,3,3,1,1,1,0,0,0,0,0,0,0,0,0,0,0,0,0,0,0,0,0,0,0,0,0,0,0,0,0,0,0,0,0,0,0,0,0,0,0,0,0,0,0,0,0,0,0,0,0,0,0,0,0,0,0,0,0,0,0,0,0,0,0,0,0,0,0,0,0,0,0,0,0,0,0,0,0,0,0,0,0,0,0,0,0,0,0,0,0,0,0
00114_P003_T01-S001_S(M)TG_R0613_WY-20220513_YXQ_stamp_2022_07_07_17_15,9,9,9,9,10,12,13,14,14,20,22,28,27,27,28,28,28,29,29,28,23,23,19,17,16,13,12,12,12,8,5,3,3,3,2,2,1,0,0,0,0,0,0,0,0,0,0,0,0,0,0,0,0,0,0,0,0,0,0,0,0,0,0,0,0,0,0,0,0,0,0,0,0,0,0,0,0,0,0,0,0,0,0,0,0,0,0,0,0,0,0,0,0,0,0,0,0,0,0,0,0,0,0,0,0,0,0,0,0,0,0,0,0,0,0,0,0,0,0,0
00117_P003_T01-S001_S(M)TG_R0613_WY-20220513_YXQ_stamp_2022_07_07_17_16,7,7,9,10,13,15,15,16,14,14,17,17,19,20,21,21,21,23,22,21,20,22,20,23,17,18,17,15,12,12,10,9,6,5,4,2,1,1,0,0,0,0,0,0,0,0,0,0,0,0,0,0,0,0,0,0,0,0,0,0,0,0,0,0,0,0,0,0,0,0,0,0,0,0,0,0,0,0,0,0,0,0,0,0,0,0,0,0,0,0,0,0,0,0,0,0,0,0,0,0,0,0,0,0,0,0,0,0,0,0,0,0,0,0,0,0,0,0,0,0
00121_P003_T01-S001_S(M)TG_R0613_WY-20220513_YXQ_stamp_2022_07_07_17_19,6,6,6,7,9,13,12,18,21,20,22,20,23,26,27,28,28,29,28,28,26,22,23,22,21,19,18,14,11,8,8,5,6,4,2,2,2,1,0,0,0,0,0,0,0,0,0,0,0,0,0,0,0,0,0,0,0,0,0,0,0,0,0,0,0,0,0,0,0,0,0,0,0,0,0,0,0,0,0,0,0,0,0,0,0,0,0,0,0,0,0,0,0,0,0,0,0,0,0,0,0,0,0,0,0,0,0,0,0,0,0,0,0,0,0,0,0,0,0,0
00122_P003_T01-S001_S(M)TG_R0613_WY-20220513_YXQ_stamp_2022_07_08_17_09,7,7,7,9,10,13,13,16,21,20,23,26,30,33,36,38,39,41,43,43,47,49,50,48,48,46,45,44,43,40,37,34,23,23,18,14,12,8,7,4,4,4,0,0,0,0,0,0,0,0,0,0,0,0,0,0,0,0,0,0,0,0,0,0,0,0,0,0,0,0,0,0,0,0,0,0,0,0,0,0,0,0,0,0,0,0,0,0,0,0,0,0,0,0,0,0,0,0,0,0,0,0,0,0,0,0,0,0,0,0,0,0,0,0,0,0,0,0,0,0
00135_P003_T01-S001_S(M)TG_R0613_WY-20220513_LJ_stamp_2022_07_05_17_17,10,10,10,12,12,12,15,20,23,23,24,24,26,24,29,31,33,34,30,30,32,30,29,27,28,27,28,27,25,18,19,17,17,17,15,12,10,8,7,4,1,1,1,0,0,0,0,0,0,0,0,0,0,0,0,0,0,0,0,0,0,0,0,0,0,0,0,0,0,0,0,0,0,0,0,0,0,0,0,0,0,0,0,0,0,0,0,0,0,0,0,0,0,0,0,0,0,0,0,0,0,0,0,0,0,0,0,0,0,0,0,0,0,0,0,0,0,0,0,0
00138_P003_T01-S001_S(M)TG_R0460_WY-20220513_stamp_2022_08_11_10_40,9,9,9,9,10,16,24,28,33,32,29,29,31,32,25,23,20,13,10,7,7,5,5,2,1,1,0,0,0,0,0,0,0,0,0,0,0,0,0,0,0,0,0,0,0,0,0,0,0,0,0,0,0,0,0,0,0,0,0,0,0,0,0,0,0,0,0,0,0,0,0,0,0,0,0,0,0,0,0,0,0,0,0,0,0,0,0,0,0,0,0,0,0,0,0,0,0,0,0,0,0,0,0,0,0,0,0,0,0,0,0,0,0,0,0,0,0,0,0,0
00142_P003_T01-S001_S(M)TG_R0613_WY-20220513_LJ_stamp_2022_07_11_17_14,7,7,7,9,10,11,11,13,16,23,25,24,27,27,30,36,36,39,36,36,32,30,31,27,24,25,22,18,18,18,17,11,9,3,3,3,3,0,0,0,0,0,0,0,0,0,0,0,0,0,0,0,0,0,0,0,0,0,0,0,0,0,0,0,0,0,0,0,0,0,0,0,0,0,0,0,0,0,0,0,0,0,0,0,0,0,0,0,0,0,0,0,0,0,0,0,0,0,0,0,0,0,0,0,0,0,0,0,0,0,0,0,0,0,0,0,0,0,0,0
00152_P003_T01-S001_S(M)TG_R0613_WY-20220513_YXQ_stamp_2022_07_11_17_16,7,7,7,7,9,11,14,18,23,28,30,34,37,34,35,36,32,31,30,30,29,23,19,13,6,4,4,3,1,2,2,2,2,2,3,2,2,2,2,1,0,0,0,0,0,0,0,0,0,0,0,0,0,0,0,0,0,0,0,0,0,0,0,0,0,0,0,0,0,0,0,0,0,0,0,0,0,0,0,0,0,0,0,0,0,0,0,0,0,0,0,0,0,0,0,0,0,0,0,0,0,0,0,0,0,0,0,0,0,0,0,0,0,0,0,0,0,0,0,0
00153_P003_T01-S001_S(M)TG_R0613_WY-20220513_YXQ_stamp_2022_08_22_10_39,7,7,7,7,7,10,12,13,16,21,24,23,22,18,15,18,14,13,10,10,9,4,3,1,1,1,1,1,1,1,1,1,1,1,0,0,0,0,0,0,0,0,0,0,0,0,0,0,0,0,0,0,0,0,0,0,0,0,0,0,0,0,0,0,0,0,0,0,0,0,0,0,0,0,0,0,0,0,0,0,0,0,0,0,0,0,0,0,0,0,0,0,0,0,0,0,0,0,0,0,0,0,0,0,0,0,0,0,0,0,0,0,0,0,0,0,0,0,0,0
00156_P003_T01-S005_S(M)TG_R0613_WY-20220513_GYC_stamp_2022_08_30_09_25,9,9,9,9,9,13,14,15,17,16,19,19,20,21,21,21,19,17,16,15,14,9,7,8,6,4,3,2,2,1,1,0,0,0,0,0,0,0,0,0,0,0,0,0,0,0,0,0,0,0,0,0,0,0,0,0,0,0,0,0,0,0,0,0,0,0,0,0,0,0,0,0,0,0,0,0,0,0,0,0,0,0,0,0,0,0,0,0,0,0,0,0,0,0,0,0,0,0,0,0,0,0,0,0,0,0,0,0,0,0,0,0,0,0,0,0,0,0,0,0
00163_P003_T01-S005_S(M)TG_R0613_WY-20220513_GYC_stamp_2022_07_11_17_18,7,7,7,8,10,12,13,16,20,22,25,31,34,36,40,38,41,42,44,49,53,55,54,53,53,51,48,44,40,33,26,24,22,18,10,6,2,2,1,1,1,1,1,0,0,0,0,0,0,0,0,0,0,0,0,0,0,0,0,0,0,0,0,0,0,0,0,0,0,0,0,0,0,0,0,0,0,0,0,0,0,0,0,0,0,0,0,0,0,0,0,0,0,0,0,0,0,0,0,0,0,0,0,0,0,0,0,0,0,0,0,0,0,0,0,0,0,0,0,0
00165_P003_T01-S005_S(M)TG_R0613_WY-20220513_GYC_stamp_2022_07_11_17_19,6,6,6,6,7,7,9,11,15,18,15,19,24,24,24,24,28,30,30,32,33,32,36,36,37,35,33,35,30,30,26,24,21,18,12,11,7,5,4,3,1,2,2,0,0,0,0,0,0,0,0,0,0,0,0,0,0,0,0,0,0,0,0,0,0,0,0,0,0,0,0,0,0,0,0,0,0,0,0,0,0,0,0,0,0,0,0,0,0,0,0,0,0,0,0,0,0,0,0,0,0,0,0,0,0,0,0,0,0,0,0,0,0,0,0,0,0,0,0,0
00182_P003_T01-S003_S(M)TG_R0613_WY-20220513_LJ_stamp_2022_08_23_10_49,6,6,6,7,8,10,14,17,19,24,26,27,29,25,20,19,16,17,16,15,14,12,9,9,6,5,5,3,0,0,0,0,0,0,0,0,0,0,0,0,0,0,0,0,0,0,0,0,0,0,0,0,0,0,0,0,0,0,0,0,0,0,0,0,0,0,0,0,0,0,0,0,0,0,0,0,0,0,0,0,0,0,0,0,0,0,0,0,0,0,0,0,0,0,0,0,0,0,0,0,0,0,0,0,0,0,0,0,0,0,0,0,0,0,0,0,0,0,0,0
00241_P003_T01-S004_S(M)TG_R0613_WY-20220513_LJ_stamp_2022_08_31_14_54,6,6,7,9,9,9,13,16,20,26,26,25,28,34,37,37,37,36,36,34,39,35,35,35,36,31,30,27,26,25,21,17,11,8,7,6,4,2,2,1,0,0,0,0,0,0,0,0,0,0,0,0,0,0,0,0,0,0,0,0,0,0,0,0,0,0,0,0,0,0,0,0,0,0,0,0,0,0,0,0,0,0,0,0,0,0,0,0,0,0,0,0,0,0,0,0,0,0,0,0,0,0,0,0,0,0,0,0,0,0,0,0,0,0,0,0,0,0,0,0
00490_P005_T01-S006_MFG_R0678_LJ-20220525_LJ_stamp_2022_08_02_17_05,9,9,9,9,10,13,13,13,14,16,23,24,25,29,31,31,31,31,36,28,26,25,24,20,19,20,20,20,19,18,14,13,11,9,7,7,6,5,4,3,3,2,2,2,2,2,2,0,0,0,0,0,0,0,0,0,0,0,0,0,0,0,0,0,0,0,0,0,0,0,0,0,0,0,0,0,0,0,0,0,0,0,0,0,0,0,0,0,0,0,0,0,0,0,0,0,0,0,0,0,0,0,0,0,0,0,0,0,0,0,0,0,0,0,0,0,0,0,0,0
00770_P005_T01-S014_MFG_R0678_LJ-20220525_LJ_stamp_2022_08_12_16_00,8,8,8,8,9,10,12,12,16,20,25,28,33,33,34,35,37,30,26,28,25,22,17,16,14,10,9,8,7,7,7,7,5,3,1,0,0,0,0,0,0,0,0,0,0,0,0,0,0,0,0,0,0,0,0,0,0,0,0,0,0,0,0,0,0,0,0,0,0,0,0,0,0,0,0,0,0,0,0,0,0,0,0,0,0,0,0,0,0,0,0,0,0,0,0,0,0,0,0,0,0,0,0,0,0,0,0,0,0,0,0,0,0,0,0,0,0,0,0,0
00845_P010_T01-S013_TP_R0509_LJ-20220607_LJ_stamp_2022_08_26_12_40,8,8,8,8,10,12,16,15,16,14,18,19,22,20,22,19,19,17,17,18,18,17,17,16,17,14,10,9,5,3,2,0,0,0,0,0,0,0,0,0,0,0,0,0,0,0,0,0,0,0,0,0,0,0,0,0,0,0,0,0,0,0,0,0,0,0,0,0,0,0,0,0,0,0,0,0,0,0,0,0,0,0,0,0,0,0,0,0,0,0,0,0,0,0,0,0,0,0,0,0,0,0,0,0,0,0,0,0,0,0,0,0,0,0,0,0,0,0,0,0
00867_P010_T01-S010_TP_R0509_LJ-20220607_LJ_stamp_2022_07_28_16_58,7,7,7,7,7,10,13,14,19,22,23,22,24,23,22,24,21,17,13,9,7,7,5,3,3,1,1,1,1,1,0,0,0,0,0,0,0,0,0,0,0,0,0,0,0,0,0,0,0,0,0,0,0,0,0,0,0,0,0,0,0,0,0,0,0,0,0,0,0,0,0,0,0,0,0,0,0,0,0,0,0,0,0,0,0,0,0,0,0,0,0,0,0,0,0,0,0,0,0,0,0,0,0,0,0,0,0,0,0,0,0,0,0,0,0,0,0,0,0,0
00869_P010_T01-S010_TP_R0509_LJ-20220607_LJ_stamp_2022_07_25_17_22,9,9,9,10,15,16,16,21,26,26,25,30,28,29,29,24,21,17,14,10,7,8,6,4,3,3,2,1,1,1,0,0,0,0,0,0,0,0,0,0,0,0,0,0,0,0,0,0,0,0,0,0,0,0,0,0,0,0,0,0,0,0,0,0,0,0,0,0,0,0,0,0,0,0,0,0,0,0,0,0,0,0,0,0,0,0,0,0,0,0,0,0,0,0,0,0,0,0,0,0,0,0,0,0,0,0,0,0,0,0,0,0,0,0,0,0,0,0,0,0
00873_P010_T01-S012_TP_R0509_LJ-20220607_LJ_stamp_2022_07_28_16_38,15,15,15,15,16,17,19,20,19,22,21,22,21,20,20,19,18,16,14,14,14,15,10,8,6,4,3,3,1,0,0,0,0,0,0,0,0,0,0,0,0,0,0,0,0,0,0,0,0,0,0,0,0,0,0,0,0,0,0,0,0,0,0,0,0,0,0,0,0,0,0,0,0,0,0,0,0,0,0,0,0,0,0,0,0,0,0,0,0,0,0,0,0,0,0,0,0,0,0,0,0,0,0,0,0,0,0,0,0,0,0,0,0,0,0,0,0,0,0,0
00883_P010_T01-S012_TP_R0678_LJ-20220607_XJ_stamp_2022_08_11_16_35,6,6,6,6,12,14,15,19,27,32,27,28,29,32,36,39,40,39,38,38,39,37,36,35,29,27,25,21,20,18,14,14,14,12,12,11,9,8,8,7,5,4,2,0,0,0,0,0,0,0,0,0,0,0,0,0,0,0,0,0,0,0,0,0,0,0,0,0,0,0,0,0,0,0,0,0,0,0,0,0,0,0,0,0,0,0,0,0,0,0,0,0,0,0,0,0,0,0,0,0,0,0,0,0,0,0,0,0,0,0,0,0,0,0,0,0,0,0,0,0
00885_P010_T01-S012_TP_R0509_LJ-20220607_XJ_stamp_2022_08_11_16_35,7,7,7,7,8,13,15,21,28,34,36,37,35,29,30,28,25,22,20,16,13,14,11,10,7,6,5,3,3,3,2,2,2,2,2,1,0,0,0,0,0,0,0,0,0,0,0,0,0,0,0,0,0,0,0,0,0,0,0,0,0,0,0,0,0,0,0,0,0,0,0,0,0,0,0,0,0,0,0,0,0,0,0,0,0,0,0,0,0,0,0,0,0,0,0,0,0,0,0,0,0,0,0,0,0,0,0,0,0,0,0,0,0,0,0,0,0,0,0,0
00887_P010_T01-S012_TP_R0678_LJ-20220607_XJ_stamp_2022_08_31_14_18,15,15,15,16,18,25,28,29,31,36,39,42,44,42,43,45,47,49,53,51,51,49,50,52,52,53,53,51,49,49,48,45,46,42,36,34,24,20,16,12,11,7,4,3,2,2,2,1,0,0,0,0,0,0,0,0,0,0,0,0,0,0,0,0,0,0,0,0,0,0,0,0,0,0,0,0,0,0,0,0,0,0,0,0,0,0,0,0,0,0,0,0,0,0,0,0,0,0,0,0,0,0,0,0,0,0,0,0,0,0,0,0,0,0,0,0,0,0,0,0
00891_P010_T01-S012_TP_R0678_LJ-20220607_XJ_stamp_2022_08_18_09_01,8,8,8,8,10,13,15,22,21,21,31,31,35,38,42,51,50,46,48,46,44,45,45,39,37,36,35,29,28,23,19,17,13,8,5,4,2,3,3,3,2,2,1,1,1,1,0,0,0,0,0,0,0,0,0,0,0,0,0,0,0,0,0,0,0,0,0,0,0,0,0,0,0,0,0,0,0,0,0,0,0,0,0,0,0,0,0,0,0,0,0,0,0,0,0,0,0,0,0,0,0,0,0,0,0,0,0,0,0,0,0,0,0,0,0,0,0,0,0,0
00892_P010_T01-S012_TP_R0678_LJ-20220607_XJ_stamp_2022_08_18_09_01,14,14,14,14,14,14,15,18,28,27,29,30,35,36,35,37,35,32,32,31,34,26,24,22,20,19,19,15,8,5,4,5,4,3,2,2,2,2,2,2,1,1,1,1,1,1,1,0,0,0,0,0,0,0,0,0,0,0,0,0,0,0,0,0,0,0,0,0,0,0,0,0,0,0,0,0,0,0,0,0,0,0,0,0,0,0,0,0,0,0,0,0,0,0,0,0,0,0,0,0,0,0,0,0,0,0,0,0,0,0,0,0,0,0,0,0,0,0,0,0
00894_P010_T01-S012_TP_R0509_LJ-20220607_XJ_stamp_2022_08_18_09_02,9,9,9,11,14,14,15,18,19,19,20,19,21,19,20,20,18,16,14,13,13,9,7,5,4,4,4,3,3,3,4,4,2,2,2,0,0,0,0,0,0,0,0,0,0,0,0,0,0,0,0,0,0,0,0,0,0,0,0,0,0,0,0,0,0,0,0,0,0,0,0,0,0,0,0,0,0,0,0,0,0,0,0,0,0,0,0,0,0,0,0,0,0,0,0,0,0,0,0,0,0,0,0,0,0,0,0,0,0,0,0,0,0,0,0,0,0,0,0,0
00895_P010_T01-S012_TP_R0509_LJ-20220607_YXQ_stamp_2022_08_18_09_04,9,9,9,12,11,13,16,17,19,21,20,20,20,21,22,23,22,22,22,22,20,20,18,16,16,15,15,11,10,8,8,6,4,3,3,2,1,1,1,0,0,0,0,0,0,0,0,0,0,0,0,0,0,0,0,0,0,0,0,0,0,0,0,0,0,0,0,0,0,0,0,0,0,0,0,0,0,0,0,0,0,0,0,0,0,0,0,0,0,0,0,0,0,0,0,0,0,0,0,0,0,0,0,0,0,0,0,0,0,0,0,0,0,0,0,0,0,0,0,0
00896_P010_T01-S012_TP_R0678_LJ-20220607_YXQ_stamp_2022_08_18_09_04,9,9,9,9,10,14,15,17,19,20,26,29,30,29,30,30,30,32,34,34,32,32,32,26,25,25,21,19,12,10,9,9,6,7,6,6,2,0,0,0,0,0,0,0,0,0,0,0,0,0,0,0,0,0,0,0,0,0,0,0,0,0,0,0,0,0,0,0,0,0,0,0,0,0,0,0,0,0,0,0,0,0,0,0,0,0,0,0,0,0,0,0,0,0,0,0,0,0,0,0,0,0,0,0,0,0,0,0,0,0,0,0,0,0,0,0,0,0,0,0
00898_P010_T01-S012_TP_R0678_LJ-20220607_YXQ_stamp_2022_08_18_09_05,11,11,11,12,12,13,15,20,22,24,21,20,21,20,20,19,17,13,12,12,11,12,11,10,11,9,7,10,5,4,4,4,4,4,3,3,2,1,0,0,0,0,0,0,0,0,0,0,0,0,0,0,0,0,0,0,0,0,0,0,0,0,0,0,0,0,0,0,0,0,0,0,0,0,0,0,0,0,0,0,0,0,0,0,0,0,0,0,0,0,0,0,0,0,0,0,0,0,0,0,0,0,0,0,0,0,0,0,0,0,0,0,0,0,0,0,0,0,0,0
00908_P011_T01-S001_STG-AP_R0678_WY-20220610_XJ_stamp_2022_08_18_09_08,11,11,11,11,13,14,14,19,23,26,34,38,43,49,53,56,51,50,50,49,44,41,37,35,32,27,28,28,26,25,23,23,23,18,17,15,13,9,6,3,3,2,1,1,1,1,0,0,0,0,0,0,0,0,0,0,0,0,0,0,0,0,0,0,0,0,0,0,0,0,0,0,0,0,0,0,0,0,0,0,0,0,0,0,0,0,0,0,0,0,0,0,0,0,0,0,0,0,0,0,0,0,0,0,0,0,0,0,0,0,0,0,0,0,0,0,0,0,0,0
00910_P011_T01-S001_STG-AP_R0678_WY-20220610_YXQ_stamp_2022_08_18_09_09,8,8,8,8,8,11,12,12,17,20,27,30,31,32,31,30,32,34,32,31,28,24,23,23,23,21,21,21,21,21,19,17,17,14,13,11,8,5,2,2,1,0,0,0,0,0,0,0,0,0,0,0,0,0,0,0,0,0,0,0,0,0,0,0,0,0,0,0,0,0,0,0,0,0,0,0,0,0,0,0,0,0,0,0,0,0,0,0,0,0,0,0,0,0,0,0,0,0,0,0,0,0,0,0,0,0,0,0,0,0,0,0,0,0,0,0,0,0,0,0
00931_P009_T01-S026_SFG_R0678_LJ-20220603_XJ_stamp_2022_08_31_14_44,7,7,7,7,7,8,10,12,16,19,19,22,27,34,38,37,33,34,31,24,21,21,16,14,11,10,10,8,8,8,8,7,6,4,3,1,1,1,1,1,1,0,0,0,0,0,0,0,0,0,0,0,0,0,0,0,0,0,0,0,0,0,0,0,0,0,0,0,0,0,0,0,0,0,0,0,0,0,0,0,0,0,0,0,0,0,0,0,0,0,0,0,0,0,0,0,0,0,0,0,0,0,0,0,0,0,0,0,0,0,0,0,0,0,0,0,0,0,0,0
00932_P009_T01-S026_SFG_R0509_LJ-20220603_XJ_stamp_2022_08_18_16_58,12,12,12,12,13,13,17,19,19,19,17,18,19,20,21,17,9,7,7,7,6,5,4,4,4,3,3,1,0,0,0,0,0,0,0,0,0,0,0,0,0,0,0,0,0,0,0,0,0,0,0,0,0,0,0,0,0,0,0,0,0,0,0,0,0,0,0,0,0,0,0,0,0,0,0,0,0,0,0,0,0,0,0,0,0,0,0,0,0,0,0,0,0,0,0,0,0,0,0,0,0,0,0,0,0,0,0,0,0,0,0,0,0,0,0,0,0,0,0,0
00934_P009_T01-S026_SFG_R0678_LJ-20220603_XJ_stamp_2022_08_19_17_02,9,9,9,10,10,14,17,18,17,22,23,22,23,16,18,19,15,11,9,9,5,6,4,4,4,2,1,1,1,1,1,1,1,1,1,1,1,1,1,1,0,0,0,0,0,0,0,0,0,0,0,0,0,0,0,0,0,0,0,0,0,0,0,0,0,0,0,0,0,0,0,0,0,0,0,0,0,0,0,0,0,0,0,0,0,0,0,0,0,0,0,0,0,0,0,0,0,0,0,0,0,0,0,0,0,0,0,0,0,0,0,0,0,0,0,0,0,0,0,0
00960_P011_T01-S002_STG-AP_R0460_WY-20220610_XJ_stamp_2022_08_25_09_06,6,6,6,6,8,8,11,12,11,11,13,13,13,14,12,12,10,11,9,7,7,6,6,5,3,4,5,4,2,2,1,0,0,0,0,0,0,0,0,0,0,0,0,0,0,0,0,0,0,0,0,0,0,0,0,0,0,0,0,0,0,0,0,0,0,0,0,0,0,0,0,0,0,0,0,0,0,0,0,0,0,0,0,0,0,0,0,0,0,0,0,0,0,0,0,0,0,0,0,0,0,0,0,0,0,0,0,0,0,0,0,0,0,0,0,0,0,0,0,0
00962_P011_T01-S002_STG-AP_R0460_WY-20220610_XJ_stamp_2022_08_25_20_17,8,8,8,9,10,11,11,13,16,15,15,18,19,20,21,18,16,11,9,8,6,6,6,4,3,3,2,2,2,1,1,0,0,0,0,0,0,0,0,0,0,0,0,0,0,0,0,0,0,0,0,0,0,0,0,0,0,0,0,0,0,0,0,0,0,0,0,0,0,0,0,0,0,0,0,0,0,0,0,0,0,0,0,0,0,0,0,0,0,0,0,0,0,0,0,0,0,0,0,0,0,0,0,0,0,0,0,0,0,0,0,0,0,0,0,0,0,0,0,0
00963_P011_T01-S002_STG-AP_R0460_WY-20220610_XJ_stamp_2022_08_25_20_29,7,7,7,7,8,11,13,12,14,17,17,20,19,21,20,21,15,13,11,10,9,9,9,7,7,7,5,4,4,5,3,3,1,1,0,0,0,0,0,0,0,0,0,0,0,0,0,0,0,0,0,0,0,0,0,0,0,0,0,0,0,0,0,0,0,0,0,0,0,0,0,0,0,0,0,0,0,0,0,0,0,0,0,0,0,0,0,0,0,0,0,0,0,0,0,0,0,0,0,0,0,0,0,0,0,0,0,0,0,0,0,0,0,0,0,0,0,0,0,0
00965_P011_T01-S002_STG-AP_R0613_WY-20220610_YXQ_stamp_2022_08_24_15_14,9,9,9,9,9,11,10,11,12,14,16,18,20,21,22,21,20,20,23,20,17,15,11,9,8,9,8,6,4,3,2,2,1,1,1,1,1,1,1,1,1,0,0,0,0,0,0,0,0,0,0,0,0,0,0,0,0,0,0,0,0,0,0,0,0,0,0,0,0,0,0,0,0,0,0,0,0,0,0,0,0,0,0,0,0,0,0,0,0,0,0,0,0,0,0,0,0,0,0,0,0,0,0,0,0,0,0,0,0,0,0,0,0,0,0,0,0,0,0,0
00966_P011_T01-S002_STG-AP_R0613_WY-20220610_YXQ_stamp_2022_08_24_15_39,6,6,6,8,7,11,10,10,11,12,13,14,17,18,23,24,22,24,21,19,19,17,16,14,11,10,10,7,6,5,4,3,3,3,2,2,2,2,2,1,1,1,1,1,1,1,1,1,1,1,0,0,0,0,0,0,0,0,0,0,0,0,0,0,0,0,0,0,0,0,0,0,0,0,0,0,0,0,0,0,0,0,0,0,0,0,0,0,0,0,0,0,0,0,0,0,0,0,0,0,0,0,0,0,0,0,0,0,0,0,0,0,0,0,0,0,0,0,0,0
00973_P011_T01-S002_STG-AP_R0919_WY-20220610_LJ_stamp_2022_08_25_10_29,6,6,6,7,8,8,11,12,15,20,22,28,30,34,32,38,40,38,38,45,37,35,35,33,36,30,31,28,26,27,27,24,21,19,19,20,19,18,16,13,10,11,8,7,7,8,7,5,5,2,1,1,0,0,0,0,0,0,0,0,0,0,0,0,0,0,0,0,0,0,0,0,0,0,0,0,0,0,0,0,0,0,0,0,0,0,0,0,0,0,0,0,0,0,0,0,0,0,0,0,0,0,0,0,0,0,0,0,0,0,0,0,0,0,0,0,0,0,0,0
00974_P011_T01-S002_STG-AP_R0613_WY-20220610_LJ_stamp_2022_08_24_16_33,8,8,8,8,10,11,13,16,20,22,26,30,30,34,36,38,40,35,39,35,35,35,32,27,25,21,20,18,17,15,12,10,10,8,4,1,0,0,0,0,0,0,0,0,0,0,0,0,0,0,0,0,0,0,0,0,0,0,0,0,0,0,0,0,0,0,0,0,0,0,0,0,0,0,0,0,0,0,0,0,0,0,0,0,0,0,0,0,0,0,0,0,0,0,0,0,0,0,0,0,0,0,0,0,0,0,0,0,0,0,0,0,0,0,0,0,0,0,0,0
00976_P011_T01-S002_STG-AP_R0919_WY-20220610_LJ_stamp_2022_08_24_16_54,7,7,7,7,8,10,13,15,16,24,23,24,26,31,29,29,29,29,28,29,30,29,32,32,35,30,26,26,25,23,23,20,19,19,18,16,14,13,11,11,10,12,7,6,5,4,3,0,0,0,0,0,0,0,0,0,0,0,0,0,0,0,0,0,0,0,0,0,0,0,0,0,0,0,0,0,0,0,0,0,0,0,0,0,0,0,0,0,0,0,0,0,0,0,0,0,0,0,0,0,0,0,0,0,0,0,0,0,0,0,0,0,0,0,0,0,0,0,0,0
00982_P010_T01-S017_TP_R0613_LJ-20220607_XJ_stamp_2022_08_25_09_11,11,11,11,12,12,12,17,20,22,24,28,26,28,30,27,28,29,28,24,26,22,19,18,15,15,14,14,13,12,8,6,5,3,2,1,1,0,0,0,0,0,0,0,0,0,0,0,0,0,0,0,0,0,0,0,0,0,0,0,0,0,0,0,0,0,0,0,0,0,0,0,0,0,0,0,0,0,0,0,0,0,0,0,0,0,0,0,0,0,0,0,0,0,0,0,0,0,0,0,0,0,0,0,0,0,0,0,0,0,0,0,0,0,0,0,0,0,0,0,0
00988_P010_T01-S019_TP_R0678_LJ-20220607_YXQ_stamp_2022_08_25_09_07,12,12,12,14,14,17,18,20,21,22,23,23,26,25,23,28,26,25,22,23,23,22,20,19,17,16,16,12,12,12,10,9,6,4,4,2,2,2,2,1,1,1,1,0,0,0,0,0,0,0,0,0,0,0,0,0,0,0,0,0,0,0,0,0,0,0,0,0,0,0,0,0,0,0,0,0,0,0,0,0,0,0,0,0,0,0,0,0,0,0,0,0,0,0,0,0,0,0,0,0,0,0,0,0,0,0,0,0,0,0,0,0,0,0,0,0,0,0,0,0
00993_P010_T01-S019_TP_R0509_LJ-20220607_LJ_stamp_2022_08_25_09_08,8,8,8,8,9,12,13,15,16,19,23,23,20,17,17,17,15,11,10,9,8,9,8,7,5,4,3,2,2,3,3,3,2,2,2,2,2,1,1,1,1,0,0,0,0,0,0,0,0,0,0,0,0,0,0,0,0,0,0,0,0,0,0,0,0,0,0,0,0,0,0,0,0,0,0,0,0,0,0,0,0,0,0,0,0,0,0,0,0,0,0,0,0,0,0,0,0,0,0,0,0,0,0,0,0,0,0,0,0,0,0,0,0,0,0,0,0,0,0,0
01098_P008_T02-S012_SPL_R0460_LJ-20220621_YXQ_stamp_2022_08_25_09_10,7,7,7,7,7,13,17,19,20,24,26,25,23,18,16,12,12,12,10,10,8,8,5,3,2,1,1,0,0,0,0,0,0,0,0,0,0,0,0,0,0,0,0,0,0,0,0,0,0,0,0,0,0,0,0,0,0,0,0,0,0,0,0,0,0,0,0,0,0,0,0,0,0,0,0,0,0,0,0,0,0,0,0,0,0,0,0,0,0,0,0,0,0,0,0,0,0,0,0,0,0,0,0,0,0,0,0,0,0,0,0,0,0,0,0,0,0,0,0,0
01101_P008_T02-S012_SPL_R0460_LJ-20220621_YXQ_stamp_2022_08_31_14_50,9,9,9,9,10,10,11,14,18,19,23,29,28,31,28,25,21,17,18,16,15,8,6,5,3,2,2,2,1,1,1,1,1,0,0,0,0,0,0,0,0,0,0,0,0,0,0,0,0,0,0,0,0,0,0,0,0,0,0,0,0,0,0,0,0,0,0,0,0,0,0,0,0,0,0,0,0,0,0,0,0,0,0,0,0,0,0,0,0,0,0,0,0,0,0,0,0,0,0,0,0,0,0,0,0,0,0,0,0,0,0,0,0,0,0,0,0,0,0,0
01119_P010_T01-S009_TP_R0613_LJ-20220607_LJ_stamp_2022_08_23_23_57,7,7,7,7,8,11,12,16,15,16,19,19,18,18,18,18,19,19,19,16,12,12,10,8,5,5,4,4,4,2,2,2,2,1,1,0,0,0,0,0,0,0,0,0,0,0,0,0,0,0,0,0,0,0,0,0,0,0,0,0,0,0,0,0,0,0,0,0,0,0,0,0,0,0,0,0,0,0,0,0,0,0,0,0,0,0,0,0,0,0,0,0,0,0,0,0,0,0,0,0,0,0,0,0,0,0,0,0,0,0,0,0,0,0,0,0,0,0,0,0
01124_P010_T01-S009_TP_R0613_LJ-20220607_XJ_stamp_2022_08_24_16_23,7,7,7,7,8,8,14,25,26,34,32,41,39,40,41,41,43,43,44,44,41,36,34,32,30,27,22,19,19,18,15,14,11,9,8,8,7,6,4,3,3,1,1,0,0,0,0,0,0,0,0,0,0,0,0,0,0,0,0,0,0,0,0,0,0,0,0,0,0,0,0,0,0,0,0,0,0,0,0,0,0,0,0,0,0,0,0,0,0,0,0,0,0,0,0,0,0,0,0,0,0,0,0,0,0,0,0,0,0,0,0,0,0,0,0,0,0,0,0,0
01126_P010_T01-S009_TP_R0613_LJ-20220607_YXQ_stamp_2022_08_27_20_28,6,6,6,6,7,8,8,12,15,17,22,19,25,27,27,29,28,29,28,25,24,24,19,17,14,12,10,10,9,5,4,4,2,2,2,2,1,0,0,0,0,0,0,0,0,0,0,0,0,0,0,0,0,0,0,0,0,0,0,0,0,0,0,0,0,0,0,0,0,0,0,0,0,0,0,0,0,0,0,0,0,0,0,0,0,0,0,0,0,0,0,0,0,0,0,0,0,0,0,0,0,0,0,0,0,0,0,0,0,0,0,0,0,0,0,0,0,0,0,0
01128_P010_T01-S009_TP_R0460_LJ-20220607_YXQ_stamp_2022_08_27_21_03,10,10,10,10,12,13,16,17,21,24,18,21,21,16,12,11,10,11,7,7,5,3,4,5,4,6,6,7,4,3,2,2,2,1,0,0,0,0,0,0,0,0,0,0,0,0,0,0,0,0,0,0,0,0,0,0,0,0,0,0,0,0,0,0,0,0,0,0,0,0,0,0,0,0,0,0,0,0,0,0,0,0,0,0,0,0,0,0,0,0,0,0,0,0,0,0,0,0,0,0,0,0,0,0,0,0,0,0,0,0,0,0,0,0,0,0,0,0,0,0
01130_P010_T01-S009_TP_R0460_LJ-20220607_YXQ_stamp_2022_08_24_17_08,6,6,6,6,7,10,13,13,14,15,19,23,27,30,33,32,29,27,21,16,8,7,8,7,6,6,6,6,6,6,6,4,3,3,3,2,1,1,1,0,0,0,0,0,0,0,0,0,0,0,0,0,0,0,0,0,0,0,0,0,0,0,0,0,0,0,0,0,0,0,0,0,0,0,0,0,0,0,0,0,0,0,0,0,0,0,0,0,0,0,0,0,0,0,0,0,0,0,0,0,0,0,0,0,0,0,0,0,0,0,0,0,0,0,0,0,0,0,0,0
01131_P010_T01-S009_TP_R0460_LJ-20220607_YXQ_stamp_2022_08_24_18_42,6,6,6,6,6,7,11,13,18,23,25,28,28,31,33,29,29,21,20,19,15,10,8,8,7,6,6,6,6,6,2,2,1,0,0,0,0,0,0,0,0,0,0,0,0,0,0,0,0,0,0,0,0,0,0,0,0,0,0,0,0,0,0,0,0,0,0,0,0,0,0,0,0,0,0,0,0,0,0,0,0,0,0,0,0,0,0,0,0,0,0,0,0,0,0,0,0,0,0,0,0,0,0,0,0,0,0,0,0,0,0,0,0,0,0,0,0,0,0,0
01132_P010_T01-S009_TP_R0613_LJ-20220607_YXQ_stamp_2022_08_31_15_09,7,7,7,7,8,9,11,13,14,14,18,19,21,24,28,31,31,34,36,39,38,40,39,35,25,21,20,18,15,12,10,9,6,5,4,4,3,3,3,3,1,1,1,1,1,0,0,0,0,0,0,0,0,0,0,0,0,0,0,0,0,0,0,0,0,0,0,0,0,0,0,0,0,0,0,0,0,0,0,0,0,0,0,0,0,0,0,0,0,0,0,0,0,0,0,0,0,0,0,0,0,0,0,0,0,0,0,0,0,0,0,0,0,0,0,0,0,0,0,0
01133_P010_T01-S009_TP_R0460_LJ-20220607_YXQ_stamp_2022_08_31_14_53,7,7,7,7,8,9,14,15,20,22,23,22,24,19,13,13,10,6,6,7,7,6,5,3,2,2,1,1,1,1,1,1,0,0,0,0,0,0,0,0,0,0,0,0,0,0,0,0,0,0,0,0,0,0,0,0,0,0,0,0,0,0,0,0,0,0,0,0,0,0,0,0,0,0,0,0,0,0,0,0,0,0,0,0,0,0,0,0,0,0,0,0,0,0,0,0,0,0,0,0,0,0,0,0,0,0,0,0,0,0,0,0,0,0,0,0,0,0,0,0
01136_P010_T01-S009_TP_R0613_LJ-20220607_YXQ_stamp_2022_08_26_11_48,8,8,8,8,10,12,13,19,22,27,27,21,25,25,23,22,23,25,22,19,20,19,18,15,14,12,9,9,9,9,8,5,4,3,2,1,1,0,0,0,0,0,0,0,0,0,0,0,0,0,0,0,0,0,0,0,0,0,0,0,0,0,0,0,0,0,0,0,0,0,0,0,0,0,0,0,0,0,0,0,0,0,0,0,0,0,0,0,0,0,0,0,0,0,0,0,0,0,0,0,0,0,0,0,0,0,0,0,0,0,0,0,0,0,0,0,0,0,0,0
01142_P010_T01-S009_TP_R0460_LJ-20220607_LJ_stamp_2022_08_24_23_11,8,8,8,8,8,11,14,17,19,22,24,30,31,31,29,29,30,27,29,25,21,17,16,13,13,10,4,4,3,1,0,0,0,0,0,0,0,0,0,0,0,0,0,0,0,0,0,0,0,0,0,0,0,0,0,0,0,0,0,0,0,0,0,0,0,0,0,0,0,0,0,0,0,0,0,0,0,0,0,0,0,0,0,0,0,0,0,0,0,0,0,0,0,0,0,0,0,0,0,0,0,0,0,0,0,0,0,0,0,0,0,0,0,0,0,0,0,0,0,0
01144_P010_T01-S009_TP_R0460_LJ-20220607_LJ_stamp_2022_08_25_13_29,9,9,9,9,9,9,14,16,16,18,20,19,18,20,22,24,26,27,25,23,21,16,13,10,10,6,2,1,0,0,0,0,0,0,0,0,0,0,0,0,0,0,0,0,0,0,0,0,0,0,0,0,0,0,0,0,0,0,0,0,0,0,0,0,0,0,0,0,0,0,0,0,0,0,0,0,0,0,0,0,0,0,0,0,0,0,0,0,0,0,0,0,0,0,0,0,0,0,0,0,0,0,0,0,0,0,0,0,0,0,0,0,0,0,0,0,0,0,0,0
01148_P014_T01-S012_MFG_R0460_LJ-20220704_RJ_stamp_2022_08_25_14_22,7,7,7,7,8,9,11,17,19,22,23,24,26,28,28,27,26,21,18,18,15,15,12,9,7,5,4,3,3,3,2,0,0,0,0,0,0,0,0,0,0,0,0,0,0,0,0,0,0,0,0,0,0,0,0,0,0,0,0,0,0,0,0,0,0,0,0,0,0,0,0,0,0,0,0,0,0,0,0,0,0,0,0,0,0,0,0,0,0,0,0,0,0,0,0,0,0,0,0,0,0,0,0,0,0,0,0,0,0,0,0,0,0,0,0,0,0,0,0,0
01253_P010_T01-S016_TP_R0460_LJ-20220607_YXQ_stamp_2022_08_25_09_24,8,8,8,8,9,17,16,17,20,20,22,21,21,21,17,15,14,14,15,14,14,13,11,10,10,10,9,9,4,4,2,0,0,0,0,0,0,0,0,0,0,0,0,0,0,0,0,0,0,0,0,0,0,0,0,0,0,0,0,0,0,0,0,0,0,0,0,0,0,0,0,0,0,0,0,0,0,0,0,0,0,0,0,0,0,0,0,0,0,0,0,0,0,0,0,0,0,0,0,0,0,0,0,0,0,0,0,0,0,0,0,0,0,0,0,0,0,0,0,0
01260_P010_T01-S016_TP_R0613_LJ-20220607_LJ_stamp_2022_08_26_14_47,5,5,5,5,5,7,7,10,12,14,18,18,22,24,27,30,31,30,30,26,27,24,22,18,16,14,12,10,8,5,5,3,2,2,1,0,0,0,0,0,0,0,0,0,0,0,0,0,0,0,0,0,0,0,0,0,0,0,0,0,0,0,0,0,0,0,0,0,0,0,0,0,0,0,0,0,0,0,0,0,0,0,0,0,0,0,0,0,0,0,0,0,0,0,0,0,0,0,0,0,0,0,0,0,0,0,0,0,0,0,0,0,0,0,0,0,0,0,0,0
01262_P010_T01-S016_TP_R0460_LJ-20220607_LJ_stamp_2022_08_26_14_48,5,5,5,6,9,11,16,18,21,21,21,22,22,22,24,21,21,18,18,15,13,10,9,9,6,4,4,2,1,1,1,0,0,0,0,0,0,0,0,0,0,0,0,0,0,0,0,0,0,0,0,0,0,0,0,0,0,0,0,0,0,0,0,0,0,0,0,0,0,0,0,0,0,0,0,0,0,0,0,0,0,0,0,0,0,0,0,0,0,0,0,0,0,0,0,0,0,0,0,0,0,0,0,0,0,0,0,0,0,0,0,0,0,0,0,0,0,0,0,0
01270_P014_T01-S013_MFG_R0460_LJ-20220704_RJ_stamp_2022_07_21_17_12,7,7,7,8,10,10,12,18,19,17,20,21,22,22,29,26,23,20,16,14,12,13,11,8,7,6,5,5,2,2,2,2,2,2,1,0,0,0,0,0,0,0,0,0,0,0,0,0,0,0,0,0,0,0,0,0,0,0,0,0,0,0,0,0,0,0,0,0,0,0,0,0,0,0,0,0,0,0,0,0,0,0,0,0,0,0,0,0,0,0,0,0,0,0,0,0,0,0,0,0,0,0,0,0,0,0,0,0,0,0,0,0,0,0,0,0,0,0,0,0
01271_P014_T01-S013_MFG_R0613_LJ-20220704_RJ_stamp_2022_08_26_14_51,8,8,8,9,11,10,13,14,21,21,23,25,28,28,26,23,21,21,14,12,12,11,8,7,5,4,4,3,3,2,1,1,0,0,0,0,0,0,0,0,0,0,0,0,0,0,0,0,0,0,0,0,0,0,0,0,0,0,0,0,0,0,0,0,0,0,0,0,0,0,0,0,0,0,0,0,0,0,0,0,0,0,0,0,0,0,0,0,0,0,0,0,0,0,0,0,0,0,0,0,0,0,0,0,0,0,0,0,0,0,0,0,0,0,0,0,0,0,0,0
01275_P014_T01-S013_MFG_R0613_LJ-20220704_YXQ_stamp_2022_08_25_09_25,10,10,10,10,10,10,11,14,18,20,19,22,27,27,26,29,28,25,20,19,18,15,13,15,13,11,10,6,3,2,2,1,1,1,1,0,0,0,0,0,0,0,0,0,0,0,0,0,0,0,0,0,0,0,0,0,0,0,0,0,0,0,0,0,0,0,0,0,0,0,0,0,0,0,0,0,0,0,0,0,0,0,0,0,0,0,0,0,0,0,0,0,0,0,0,0,0,0,0,0,0,0,0,0,0,0,0,0,0,0,0,0,0,0,0,0,0,0,0,0
01298_P015_T03-S013_(X)FG_R0613_LJ-20220629_YXQ_stamp_2022_08_25_09_57,6,6,6,6,7,8,9,10,13,14,17,21,25,25,26,26,27,25,18,17,18,18,14,14,12,11,8,5,5,4,3,3,2,1,1,1,0,0,0,0,0,0,0,0,0,0,0,0,0,0,0,0,0,0,0,0,0,0,0,0,0,0,0,0,0,0,0,0,0,0,0,0,0,0,0,0,0,0,0,0,0,0,0,0,0,0,0,0,0,0,0,0,0,0,0,0,0,0,0,0,0,0,0,0,0,0,0,0,0,0,0,0,0,0,0,0,0,0,0,0
01350_P014_T01-S010_MFG_R0460_LJ-20220704_LJ_stamp_2022_08_29_10_04,9,9,9,9,9,10,13,18,19,24,27,28,27,22,22,19,18,18,14,16,14,14,12,10,9,9,5,5,4,3,2,0,0,0,0,0,0,0,0,0,0,0,0,0,0,0,0,0,0,0,0,0,0,0,0,0,0,0,0,0,0,0,0,0,0,0,0,0,0,0,0,0,0,0,0,0,0,0,0,0,0,0,0,0,0,0,0,0,0,0,0,0,0,0,0,0,0,0,0,0,0,0,0,0,0,0,0,0,0,0,0,0,0,0,0,0,0,0,0,0
01351_P014_T01-S010_MFG_R0613_LJ-20220704_LJ_stamp_2022_08_25_09_19,10,10,10,10,11,13,15,16,21,26,33,34,35,35,41,41,40,39,38,40,36,32,30,29,27,23,21,19,16,13,12,7,5,4,4,2,1,1,1,0,0,0,0,0,0,0,0,0,0,0,0,0,0,0,0,0,0,0,0,0,0,0,0,0,0,0,0,0,0,0,0,0,0,0,0,0,0,0,0,0,0,0,0,0,0,0,0,0,0,0,0,0,0,0,0,0,0,0,0,0,0,0,0,0,0,0,0,0,0,0,0,0,0,0,0,0,0,0,0,0
01375_P014_T01-S006_MFG_R0613_LJ-20220704_YXQ_stamp_2022_08_26_15_06,6,6,6,6,8,10,10,13,13,17,16,16,15,11,8,6,7,6,4,4,3,2,2,2,2,2,2,2,2,2,1,0,0,0,0,0,0,0,0,0,0,0,0,0,0,0,0,0,0,0,0,0,0,0,0,0,0,0,0,0,0,0,0,0,0,0,0,0,0,0,0,0,0,0,0,0,0,0,0,0,0,0,0,0,0,0,0,0,0,0,0,0,0,0,0,0,0,0,0,0,0,0,0,0,0,0,0,0,0,0,0,0,0,0,0,0,0,0,0,0
01376_P014_T01-S006_MFG_R0460_LJ-20220704_YXQ_stamp_2022_08_26_10_15,7,7,7,7,7,8,12,14,18,20,21,25,23,22,18,16,19,15,12,9,5,4,3,3,3,3,1,1,0,0,0,0,0,0,0,0,0,0,0,0,0,0,0,0,0,0,0,0,0,0,0,0,0,0,0,0,0,0,0,0,0,0,0,0,0,0,0,0,0,0,0,0,0,0,0,0,0,0,0,0,0,0,0,0,0,0,0,0,0,0,0,0,0,0,0,0,0,0,0,0,0,0,0,0,0,0,0,0,0,0,0,0,0,0,0,0,0,0,0,0
01395_P014_T01-S005_MFG_R0613_LJ-20220704_YXQ_stamp_2022_08_26_15_07,5,5,5,8,8,9,11,13,16,17,20,25,26,21,19,18,19,18,16,12,10,9,6,4,2,1,1,0,0,0,0,0,0,0,0,0,0,0,0,0,0,0,0,0,0,0,0,0,0,0,0,0,0,0,0,0,0,0,0,0,0,0,0,0,0,0,0,0,0,0,0,0,0,0,0,0,0,0,0,0,0,0,0,0,0,0,0,0,0,0,0,0,0,0,0,0,0,0,0,0,0,0,0,0,0,0,0,0,0,0,0,0,0,0,0,0,0,0,0,0
01396_P014_T01-S005_MFG_R0460_LJ-20220704_YXQ_stamp_2022_08_29_16_55,7,7,7,7,8,10,13,17,21,19,16,19,22,21,19,17,16,15,15,12,11,9,7,5,5,2,1,0,0,0,0,0,0,0,0,0,0,0,0,0,0,0,0,0,0,0,0,0,0,0,0,0,0,0,0,0,0,0,0,0,0,0,0,0,0,0,0,0,0,0,0,0,0,0,0,0,0,0,0,0,0,0,0,0,0,0,0,0,0,0,0,0,0,0,0,0,0,0,0,0,0,0,0,0,0,0,0,0,0,0,0,0,0,0,0,0,0,0,0,0
01427_P014_T01-S015_MFG_R0460_LJ-20220704_YXQ_stamp_2022_08_31_13_50,6,6,6,6,7,8,9,14,13,16,16,14,13,13,10,12,13,11,9,10,9,8,7,6,2,1,0,0,0,0,0,0,0,0,0,0,0,0,0,0,0,0,0,0,0,0,0,0,0,0,0,0,0,0,0,0,0,0,0,0,0,0,0,0,0,0,0,0,0,0,0,0,0,0,0,0,0,0,0,0,0,0,0,0,0,0,0,0,0,0,0,0,0,0,0,0,0,0,0,0,0,0,0,0,0,0,0,0,0,0,0,0,0,0,0,0,0,0,0,0
01506_P014_T01-S018_MFG_R0613_LJ-20220704_LJ_stamp_2022_08_24_17_15,6,6,6,8,10,15,17,19,19,20,24,24,25,24,23,20,16,16,14,14,13,13,13,11,11,11,11,11,10,9,7,5,4,3,3,3,0,0,0,0,0,0,0,0,0,0,0,0,0,0,0,0,0,0,0,0,0,0,0,0,0,0,0,0,0,0,0,0,0,0,0,0,0,0,0,0,0,0,0,0,0,0,0,0,0,0,0,0,0,0,0,0,0,0,0,0,0,0,0,0,0,0,0,0,0,0,0,0,0,0,0,0,0,0,0,0,0,0,0,0
01507_P014_T01-S018_MFG_R0613_LJ-20220704_LJ_stamp_2022_08_30_10_22,8,8,8,10,14,18,22,23,25,28,30,33,32,34,34,33,33,30,28,25,23,22,19,17,17,16,16,13,12,11,9,8,7,3,2,2,1,0,0,0,0,0,0,0,0,0,0,0,0,0,0,0,0,0,0,0,0,0,0,0,0,0,0,0,0,0,0,0,0,0,0,0,0,0,0,0,0,0,0,0,0,0,0,0,0,0,0,0,0,0,0,0,0,0,0,0,0,0,0,0,0,0,0,0,0,0,0,0,0,0,0,0,0,0,0,0,0,0,0,0
01520_P014_T01-S018_MFG_R0613_LJ-20220704_LJ_stamp_2022_08_25_12_01,7,7,7,11,11,14,15,18,21,21,28,29,31,26,26,23,20,19,17,17,15,15,14,13,11,10,8,6,6,6,4,4,3,2,1,1,0,0,0,0,0,0,0,0,0,0,0,0,0,0,0,0,0,0,0,0,0,0,0,0,0,0,0,0,0,0,0,0,0,0,0,0,0,0,0,0,0,0,0,0,0,0,0,0,0,0,0,0,0,0,0,0,0,0,0,0,0,0,0,0,0,0,0,0,0,0,0,0,0,0,0,0,0,0,0,0,0,0,0,0
01521_P014_T01-S018_MFG_R0460_LJ-20220704_LJ_stamp_2022_08_25_14_40,7,7,8,9,10,13,18,17,16,23,22,21,22,21,18,15,15,10,7,6,4,4,3,2,1,1,1,1,0,0,0,0,0,0,0,0,0,0,0,0,0,0,0,0,0,0,0,0,0,0,0,0,0,0,0,0,0,0,0,0,0,0,0,0,0,0,0,0,0,0,0,0,0,0,0,0,0,0,0,0,0,0,0,0,0,0,0,0,0,0,0,0,0,0,0,0,0,0,0,0,0,0,0,0,0,0,0,0,0,0,0,0,0,0,0,0,0,0,0,0
01522_P014_T01-S018_MFG_R0460_LJ-20220704_LJ_stamp_2022_08_25_15_22,9,9,9,9,11,15,19,19,21,20,23,24,23,23,21,23,20,20,15,13,13,12,11,8,6,4,2,1,1,1,1,1,0,0,0,0,0,0,0,0,0,0,0,0,0,0,0,0,0,0,0,0,0,0,0,0,0,0,0,0,0,0,0,0,0,0,0,0,0,0,0,0,0,0,0,0,0,0,0,0,0,0,0,0,0,0,0,0,0,0,0,0,0,0,0,0,0,0,0,0,0,0,0,0,0,0,0,0,0,0,0,0,0,0,0,0,0,0,0,0
01523_P014_T01-S018_MFG_R0460_LJ-20220704_LJ_stamp_2022_08_25_16_15,8,8,8,12,13,17,16,17,18,22,25,27,28,27,27,24,19,17,15,15,12,11,11,10,7,5,5,3,1,0,0,0,0,0,0,0,0,0,0,0,0,0,0,0,0,0,0,0,0,0,0,0,0,0,0,0,0,0,0,0,0,0,0,0,0,0,0,0,0,0,0,0,0,0,0,0,0,0,0,0,0,0,0,0,0,0,0,0,0,0,0,0,0,0,0,0,0,0,0,0,0,0,0,0,0,0,0,0,0,0,0,0,0,0,0,0,0,0,0,0
01561_P018_T01-S012_SPL_R0613_LJ-20220728_YXQ_stamp_2022_08_25_09_17,10,10,10,10,11,12,11,13,14,16,18,19,24,24,26,27,26,29,33,31,30,28,27,28,27,24,23,21,19,14,13,12,13,11,10,8,7,5,4,4,3,1,1,0,0,0,0,0,0,0,0,0,0,0,0,0,0,0,0,0,0,0,0,0,0,0,0,0,0,0,0,0,0,0,0,0,0,0,0,0,0,0,0,0,0,0,0,0,0,0,0,0,0,0,0,0,0,0,0,0,0,0,0,0,0,0,0,0,0,0,0,0,0,0,0,0,0,0,0,0
01564_P018_T01-S012_SPL_R0460_LJ-20220728_LJ_stamp_2022_08_25_09_18,9,9,9,9,11,11,17,18,21,23,22,22,18,15,12,13,12,11,10,9,6,6,4,4,3,3,2,2,2,1,0,0,0,0,0,0,0,0,0,0,0,0,0,0,0,0,0,0,0,0,0,0,0,0,0,0,0,0,0,0,0,0,0,0,0,0,0,0,0,0,0,0,0,0,0,0,0,0,0,0,0,0,0,0,0,0,0,0,0,0,0,0,0,0,0,0,0,0,0,0,0,0,0,0,0,0,0,0,0,0,0,0,0,0,0,0,0,0,0,0
01570_P018_T01-S023_SPL_R0613_LJ-20220728_YXQ_stamp_2022_08_26_13_42,8,8,8,8,10,11,15,14,13,13,17,23,25,29,30,34,34,37,39,37,37,37,36,36,32,29,25,23,24,19,14,11,4,4,4,4,2,1,1,1,0,0,0,0,0,0,0,0,0,0,0,0,0,0,0,0,0,0,0,0,0,0,0,0,0,0,0,0,0,0,0,0,0,0,0,0,0,0,0,0,0,0,0,0,0,0,0,0,0,0,0,0,0,0,0,0,0,0,0,0,0,0,0,0,0,0,0,0,0,0,0,0,0,0,0,0,0,0,0,0
01585_P018_T01-S012_SPL_R0613_LJ-20220728_LJ_stamp_2022_08_31_14_20,6,6,6,8,9,10,14,15,17,21,26,26,29,29,30,34,36,32,30,28,22,21,21,19,17,13,11,9,8,6,4,3,3,3,3,3,3,1,1,1,1,0,0,0,0,0,0,0,0,0,0,0,0,0,0,0,0,0,0,0,0,0,0,0,0,0,0,0,0,0,0,0,0,0,0,0,0,0,0,0,0,0,0,0,0,0,0,0,0,0,0,0,0,0,0,0,0,0,0,0,0,0,0,0,0,0,0,0,0,0,0,0,0,0,0,0,0,0,0,0
01590_P018_T01-S012_SPL_R0460_LJ-20220728_LJ_stamp_2022_08_25_14_24,8,8,8,8,10,16,21,22,25,24,21,21,19,15,13,11,10,8,7,8,7,8,7,4,5,4,4,4,4,4,2,1,1,0,0,0,0,0,0,0,0,0,0,0,0,0,0,0,0,0,0,0,0,0,0,0,0,0,0,0,0,0,0,0,0,0,0,0,0,0,0,0,0,0,0,0,0,0,0,0,0,0,0,0,0,0,0,0,0,0,0,0,0,0,0,0,0,0,0,0,0,0,0,0,0,0,0,0,0,0,0,0,0,0,0,0,0,0,0,0
01645_P018_T01-S025_SPL_R0460_LJ-20220728_RJ_stamp_2022_08_29_15_34,5,5,5,8,10,11,12,10,9,8,8,10,10,5,4,4,4,6,5,5,5,5,5,3,3,2,1,0,0,0,0,0,0,0,0,0,0,0,0,0,0,0,0,0,0,0,0,0,0,0,0,0,0,0,0,0,0,0,0,0,0,0,0,0,0,0,0,0,0,0,0,0,0,0,0,0,0,0,0,0,0,0,0,0,0,0,0,0,0,0,0,0,0,0,0,0,0,0,0,0,0,0,0,0,0,0,0,0,0,0,0,0,0,0,0,0,0,0,0,0
01649_P018_T01-S025_SPL_R0613_LJ-20220728_RJ_stamp_2022_08_29_16_29,6,6,6,10,12,15,20,23,23,25,25,26,25,25,24,21,20,16,13,10,10,9,10,9,7,6,6,4,3,4,3,3,2,1,1,1,1,1,0,0,0,0,0,0,0,0,0,0,0,0,0,0,0,0,0,0,0,0,0,0,0,0,0,0,0,0,0,0,0,0,0,0,0,0,0,0,0,0,0,0,0,0,0,0,0,0,0,0,0,0,0,0,0,0,0,0,0,0,0,0,0,0,0,0,0,0,0,0,0,0,0,0,0,0,0,0,0,0,0,0
01661_P018_T01-S025_SPL_R0613_LJ-20220728_RJ_stamp_2022_08_29_17_22,5,5,6,6,11,12,13,15,16,16,13,13,14,12,11,8,6,6,5,5,4,4,4,3,2,3,3,3,3,3,3,2,2,2,2,2,1,0,0,0,0,0,0,0,0,0,0,0,0,0,0,0,0,0,0,0,0,0,0,0,0,0,0,0,0,0,0,0,0,0,0,0,0,0,0,0,0,0,0,0,0,0,0,0,0,0,0,0,0,0,0,0,0,0,0,0,0,0,0,0,0,0,0,0,0,0,0,0,0,0,0,0,0,0,0,0,0,0,0,0
01678_P018_T01-S014_SPL_R0919_LJ-20220728_YXQ_stamp_2022_08_27_13_21,6,6,6,6,6,8,12,15,16,17,20,22,25,26,26,28,25,24,21,19,20,15,12,9,8,6,5,5,5,5,6,6,5,3,3,3,3,3,3,3,3,2,2,2,2,3,3,3,3,3,3,4,4,4,3,3,3,3,3,2,1,1,0,0,0,0,0,0,0,0,0,0,0,0,0,0,0,0,0,0,0,0,0,0,0,0,0,0,0,0,0,0,0,0,0,0,0,0,0,0,0,0,0,0,0,0,0,0,0,0,0,0,0,0,0,0,0,0,0,0
01683_P018_T01-S014_SPL_R0460_LJ-20220728_YXQ_stamp_2022_08_27_13_28,11,11,11,13,18,24,25,27,29,26,25,24,20,16,15,13,8,7,7,7,5,4,3,3,3,2,2,3,1,1,1,0,0,0,0,0,0,0,0,0,0,0,0,0,0,0,0,0,0,0,0,0,0,0,0,0,0,0,0,0,0,0,0,0,0,0,0,0,0,0,0,0,0,0,0,0,0,0,0,0,0,0,0,0,0,0,0,0,0,0,0,0,0,0,0,0,0,0,0,0,0,0,0,0,0,0,0,0,0,0,0,0,0,0,0,0,0,0,0,0
01684_P018_T01-S014_SPL_R0613_LJ-20220728_YXQ_stamp_2022_08_27_13_31,9,9,9,10,13,15,18,24,27,27,26,27,29,22,21,18,14,11,10,10,9,8,6,4,2,2,1,1,1,1,1,1,1,1,2,2,2,2,2,2,2,2,0,0,0,0,0,0,0,0,0,0,0,0,0,0,0,0,0,0,0,0,0,0,0,0,0,0,0,0,0,0,0,0,0,0,0,0,0,0,0,0,0,0,0,0,0,0,0,0,0,0,0,0,0,0,0,0,0,0,0,0,0,0,0,0,0,0,0,0,0,0,0,0,0,0,0,0,0,0
01692_P018_T01-S014_SPL_R0613_LJ-20220728_YXQ_stamp_2022_08_27_15_27,8,8,8,8,8,8,10,11,14,19,20,23,24,23,22,21,18,15,14,10,8,8,9,7,5,4,4,4,4,3,3,1,1,1,1,1,1,1,1,1,1,1,1,1,1,0,0,0,0,0,0,0,0,0,0,0,0,0,0,0,0,0,0,0,0,0,0,0,0,0,0,0,0,0,0,0,0,0,0,0,0,0,0,0,0,0,0,0,0,0,0,0,0,0,0,0,0,0,0,0,0,0,0,0,0,0,0,0,0,0,0,0,0,0,0,0,0,0,0,0
01738_P018_T01-S029_SPL_R0613_LJ-20220728_YXQ_stamp_2022_08_25_09_11,9,9,9,9,9,11,14,15,16,18,22,27,30,34,34,34,29,27,23,21,19,16,14,14,13,10,9,9,7,6,4,3,2,2,2,1,1,1,1,1,0,0,0,0,0,0,0,0,0,0,0,0,0,0,0,0,0,0,0,0,0,0,0,0,0,0,0,0,0,0,0,0,0,0,0,0,0,0,0,0,0,0,0,0,0,0,0,0,0,0,0,0,0,0,0,0,0,0,0,0,0,0,0,0,0,0,0,0,0,0,0,0,0,0,0,0,0,0,0,0
