Name,Stems,Branches,Length,AverageBifurcationAngleLocal,AverageBifurcationAngleRemote,HausdorffDimension
00005_P001_T01-S001_MFG_R0460_WY-20220415_LJ_stamp_2022_08_10_09_53.ano.eswc,8,86,2539.8,88.3595,60.3844,1.06136
00006_P001_T01-S001_MFG_R0460_WY-20220415_LJ_stamp_2022_08_10_10_54.ano.eswc,8,68,2452.2,75.3405,55.817,1.10491
00008_P001_T01-S001_MFG_R0460_WY-20220415_YXQ_stamp_2022_08_11_10_02.ano.eswc,8,72,2360.38,76.2666,59.6023,1.07386
00011_P001_T01-S002_MFG_R0460_WY-20220415_XJ_stamp_2022_08_31_14_28.ano.eswc,10,82,2208.47,68.6457,74.3453,1.11178
00014_P001_T01-S002_MFG_R0460_WY-20220415_YXQ_stamp_2022_08_31_14_30.ano.eswc,11,104,2826.81,69.6403,59.4337,1.10682
00015_P001_T01-S002_MFG_R0460_WY-20220415_YXQ_stamp_2022_08_31_14_31.ano.eswc,9,45,1366.01,68.0955,56.7848,1.05097
00023_P001_T01-S001_MFG_R0460_WY-20220415_GYC_stamp_2022_08_31_14_32.ano.eswc,10,92,2641.48,71.253,59.0839,1.12442
00024_P001_T01-S001_MFG_R0460_WY-20220415_GYC_stamp_2022_08_10_11_25.ano.eswc,9,93,2895.66,66.8152,60.9891,1.1295
00027_P001_T01-S001_MFG_R0460_WY-20220415_GYC_stamp_2022_08_31_14_34.ano.eswc,12,81,2480.31,58.5159,50.6683,1.14745
00029_P001_T01-S001_MFG_R0460_WY-20220415_GYC_stamp_2022_08_31_14_35.ano.eswc,13,123,3313.36,72.7305,57.5899,1.1433
00030_P001_T01-S001_MFG_R0460_WY-20220415_GYC_stamp_2022_08_31_14_36.ano.eswc,10,84,2480.15,71.0503,53.4545,1.0678
00031_P001_T01-S001_MFG_R0460_WY-20220415_GYC_stamp_2022_08_31_14_39.ano.eswc,8,73,2079.22,64.2714,58.8277,1.08135
00040_P001_T01-S002_MFG_R0460_WY-20220415_XJ_stamp_2022_08_31_14_40.ano.eswc,10,64,1546.91,67.1209,57.1018,1.06382
00044_P001_T01-S002_MFG_R0460_WY-20220415_YXQ_stamp_2022_08_31_14_42.ano.eswc,8,133,2910.83,60.2769,55.6294,1.05736
00045_P001_T01-S002_MFG_R0460_WY-20220415_YXQ_stamp_2022_06_24_16_16.ano.eswc,8,129,3762.53,71.3877,52.4671,1.13108
00046_P001_T01-S002_MFG_R0460_WY-20220415_YXQ_stamp_2022_08_31_14_43.ano.eswc,9,42,1947.28,82.8505,58.7853,1.07081
00047_P001_T01-S002_MFG_R0460_WY-20220415_YXQ_stamp_2022_08_31_15_19.ano.eswc,10,56,1956.61,64.2149,60.5674,1.11003
00048_P001_T01-S002_MFG_R0460_WY-20220415_YXQ_stamp_2022_07_04_17_06.ano.eswc,7,85,3176.57,82.8742,62.8914,1.05419
00053_P002_T01-S001_SFG_R0460_WY-20220506_LJ_stamp_2022_08_31_14_45.ano.eswc,6,68,1925.11,59.4695,50.1057,1.05988
00061_P002_T01-S001_SFG_R0460_WY-20220506_YXQ_stamp_2022_08_31_15_20.ano.eswc,12,86,2296.29,79.0593,68.4449,1.09641
00064_P002_T01-S001_SFG_R0460_GYC-20220513_YXQ_stamp_2022_06_27_09_18.ano.eswc,11,73,2018.85,87.882,60.952,1.07008
00065_P002_T01-S001_SFG_R0460_WY-20220506_YXQ_stamp_2022_08_31_14_46.ano.eswc,9,67,1344.37,81.1447,65.5151,1.08311
00066_P002_T01-S001_SFG_R0460_GYC-20220513_YXQ_stamp_2022_06_27_10_15.ano.eswc,7,53,1658.04,69.4932,57.4028,1.04642
00068_P003_T01-S000_S(M)TG_R0460_WY-20220513_XJ_stamp_2022_08_10_14_31.ano.eswc,9,87,2773.32,89.4628,61.4765,1.09047
00069_P003_T01-S000_S(M)TG_R0460_WY-20220513_XJ_stamp_2022_08_31_14_48.ano.eswc,10,132,4454.56,72.581,60.385,1.08991
00073_P003_T02-S001_STG_R0460_GYC-20220516_GYC_stamp_2022_08_12_09_49.ano.eswc,8,74,2227.34,72.1016,59.8557,1.06548
00082_P003_T02-S003_STG_R0460_GYC-20220516_LJ_stamp_2022_08_12_10_54.ano.eswc,8,70,2231.21,86.3004,65.6256,1.0761
00083_P003_T02-S003_STG_R0460_GYC-20220516_LJ_stamp_2022_08_10_14_32.ano.eswc,10,80,2632.98,73.3545,57.1742,1.13124
00084_P003_T02-S003_STG_R0460_GYC-20220516_LJ_stamp_2022_08_12_11_15.ano.eswc,10,76,2370.56,78.4511,57.0272,1.10301
00086_P003_T02-S003_STG_R0460_GYC-20220516_LJ_stamp_2022_08_10_15_31.ano.eswc,9,97,2983.26,73.8462,61.6191,1.12806
00093_P003_T01-S006_S(M)TG_R0460_WY-20220513_YXQ_stamp_2022_08_31_14_48.ano.eswc,7,83,3684.36,67.7122,51.814,1.09388
00096_P003_T01-S006_S(M)TG_R0460_WY-20220513_YXQ_stamp_2022_08_10_16_30.ano.eswc,9,79,2490.36,73.2595,70.5438,1.12325
00098_P003_T01-S006_S(M)TG_R0460_WY-20220513_YXQ_stamp_2022_08_10_17_25.ano.eswc,6,92,2751.41,80.3906,62.773,1.1238
00100_P003_T01-S006_S(M)TG_R0460_WY-20220513_YXQ_stamp_2022_08_31_14_50.ano.eswc,6,100,3330.98,61.2571,55.8865,1.09161
00103_P003_T01-S006_S(M)TG_R0460_WY-20220513_YXQ_stamp_2022_08_31_14_51.ano.eswc,11,79,3285.96,77.578,55.5593,1.09729
00106_P003_T01-S006_S(M)TG_R0460_WY-20220513_XJ_stamp_2022_08_31_15_22.ano.eswc,8,50,2634.82,54.4946,66.5912,1.04723
00108_P003_T01-S006_S(M)TG_R0460_WY-20220513_XJ_stamp_2022_08_31_14_53.ano.eswc,9,86,2892.47,65.1883,54.8661,1.10424
00111_P003_T01-S002_S(M)TG_R0460_WY-20220513_stamp_2022_08_12_15_01.ano.eswc,9,67,2070.51,76.7685,60.462,1.03673
00114_P003_T01-S001_S(M)TG_R0613_WY-20220513_YXQ_stamp_2022_07_07_17_15.ano.eswc,9,111,3688.26,73.6689,65.7952,1.10295
00117_P003_T01-S001_S(M)TG_R0613_WY-20220513_YXQ_stamp_2022_07_07_17_16.ano.eswc,7,85,3418.29,69.8897,53.133,1.08661
00118_P003_T01-S001_S(M)TG_R0613_WY-20220513_YXQ_stamp_2022_07_07_17_17.ano.eswc,9,94,4058.93,68.2052,60.568,1.0965
00119_P003_T01-S001_S(M)TG_R0613_WY-20220513_YXQ_stamp_2022_07_07_17_18.ano.eswc,6,125,3138.44,72.9707,57.1607,1.08474
00120_P003_T01-S001_S(M)TG_R0613_WY-20220513_YXQ_stamp_2022_07_07_17_18.ano.eswc,8,125,4310.78,81.4195,56.7122,1.07706
00121_P003_T01-S001_S(M)TG_R0613_WY-20220513_YXQ_stamp_2022_07_07_17_19.ano.eswc,6,121,3831.81,79.7242,61.1534,1.09893
00122_P003_T01-S001_S(M)TG_R0613_WY-20220513_YXQ_stamp_2022_07_08_17_09.ano.eswc,7,195,7038.6,74.6056,59.471,1.09972
00123_P003_T01-S001_S(M)TG_R0460_WY-20220513_YXQ_stamp_2022_07_08_17_10.ano.eswc,7,83,2462.21,65.8607,64.8153,1.09257
00124_P003_T01-S001_S(M)TG_R0613_WY-20220513_XJ_stamp_2022_07_08_17_11.ano.eswc,7,115,4490.27,69.0125,56.4038,1.07259
00125_P003_T01-S001_S(M)TG_R0613_WY-20220513_XJ_stamp_2022_07_08_17_11.ano.eswc,6,64,2689.24,65.6129,60.6759,1.05958
00126_P003_T01-S001_S(M)TG_R0613_WY-20220513_XJ_stamp_2022_07_08_17_13.ano.eswc,3,76,2950.44,74.9606,70.9254,1.06427
00129_P003_T01-S001_S(M)TG_R0613_WY-20220513_XJ_stamp_2022_06_30_14_36.ano.eswc,7,142,5000.34,61.6016,52.1444,1.08185
00130_P003_T01-S001_S(M)TG_R0613_WY-20220513_XJ_stamp_2022_06_30_17_16.ano.eswc,7,113,5088.29,79.957,59.376,1.07784
00131_P003_T01-S001_S(M)TG_R0613_WY-20220513_XJ_stamp_2022_06_30_16_08.ano.eswc,7,186,6200.15,69.0058,59.4079,1.10451
00132_P003_T01-S001_S(M)TG_R0919_WY-20220513_XJ_stamp_2022_06_30_17_17.ano.eswc,8,108,5771.52,63.6428,50.1673,1.07493
00133_P003_T01-S001_S(M)TG_R0613_WY-20220513_XJ_stamp_2022_07_08_17_13.ano.eswc,8,108,4154.38,75.2127,58.6057,1.06521
00134_P003_T01-S001_S(M)TG_R0613_WY-20220513_LJ_stamp_2022_07_08_17_14.ano.eswc,9,119,4588.4,75.4764,54.2111,1.09449
00135_P003_T01-S001_S(M)TG_R0613_WY-20220513_LJ_stamp_2022_07_05_17_17.ano.eswc,10,122,5064.32,65.0509,56.7201,1.10468
00136_P003_T01-S001_S(M)TG_R0613_WY-20220513_LJ_stamp_2022_07_08_17_15.ano.eswc,8,98,3578.26,62.0721,51.8087,1.0901
00137_P003_T01-S001_S(M)TG_R0460_WY-20220513_stamp_2022_08_15_09_56.ano.eswc,8,62,1893.95,71.6149,63.8013,1.0394
00138_P003_T01-S001_S(M)TG_R0460_WY-20220513_stamp_2022_08_11_10_40.ano.eswc,9,109,2895.97,82.683,68.26,1.12944
00142_P003_T01-S001_S(M)TG_R0613_WY-20220513_LJ_stamp_2022_07_11_17_14.ano.eswc,7,159,4709.35,75.1458,60.3273,1.08765
00144_P003_T01-S001_S(M)TG_R0613_WY-20220513_YXQ_stamp_2022_08_16_09_41.ano.eswc,8,58,2020.56,86.9344,63.8112,1.04672
00150_P003_T01-S001_S(M)TG_R0613_WY-20220513_YXQ_stamp_2022_07_11_17_15.ano.eswc,9,125,4569.2,69.3851,56.1059,1.09272
00152_P003_T01-S001_S(M)TG_R0613_WY-20220513_YXQ_stamp_2022_07_11_17_16.ano.eswc,7,121,3772.11,74.3609,63.8308,1.09206
00153_P003_T01-S001_S(M)TG_R0613_WY-20220513_YXQ_stamp_2022_08_22_10_39.ano.eswc,7,75,1906.28,84.8156,64.4111,1.09501
00154_P003_T01-S001_S(M)TG_R0460_WY-20220513_YXQ_stamp_2022_07_11_17_17.ano.eswc,8,61,1609.92,76.7173,64.4355,1.05454
00156_P003_T01-S005_S(M)TG_R0613_WY-20220513_GYC_stamp_2022_08_30_09_25.ano.eswc,9,61,2215.84,82.4019,64.9163,1.06212
00157_P003_T01-S005_S(M)TG_R0613_WY-20220513_GYC_stamp_2022_08_11_14_31.ano.eswc,8,84,3327.59,77.0336,59.6505,1.08043
00163_P003_T01-S005_S(M)TG_R0613_WY-20220513_GYC_stamp_2022_07_11_17_18.ano.eswc,7,175,6949.34,76.4466,55.7826,1.08333
00165_P003_T01-S005_S(M)TG_R0613_WY-20220513_GYC_stamp_2022_07_11_17_19.ano.eswc,6,124,5043.48,70.7894,58.8193,1.09392
00166_P003_T01-S005_S(M)TG_R0460_WY-20220513_GYC_stamp_2022_07_11_17_20.ano.eswc,9,123,3540.99,71.5095,52.7269,1.13242
00168_P003_T01-S005_S(M)TG_R0613_WY-20220513_GYC_stamp_2022_07_11_17_21.ano.eswc,7,140,4691.82,74.0788,55.524,1.09019
00177_P003_T01-S003_S(M)TG_R0613_WY-20220513_LJ_stamp_2022_07_12_17_07.ano.eswc,11,97,3529.58,66.2171,57.6054,1.07823
00178_P003_T01-S003_S(M)TG_R0613_WY-20220513_LJ_stamp_2022_07_12_17_08.ano.eswc,6,42,2017.29,48.1147,55.637,1.06018
00179_P003_T01-S003_S(M)TG_R0613_WY-20220513_LJ_stamp_2022_07_05_17_22.ano.eswc,7,95,4478.23,61.9192,54.082,1.07547
00181_P003_T01-S003_S(M)TG_R0613_WY-20220513_LJ_stamp_2022_07_12_17_09.ano.eswc,8,88,3309.54,65.7284,54.2108,1.0848
00182_P003_T01-S003_S(M)TG_R0613_WY-20220513_LJ_stamp_2022_08_23_10_49.ano.eswc,6,78,2560.59,82.7424,66.9426,1.08748
00183_P003_T01-S003_S(M)TG_R0613_WY-20220513_LJ_stamp_2022_08_11_15_25.ano.eswc,7,79,3209.2,73.4412,61.2713,1.06627
00184_P003_T01-S003_S(M)TG_R0613_WY-20220513_LJ_stamp_2022_08_11_15_26.ano.eswc,11,109,4036.58,84.2747,61.1916,1.09429
00187_P003_T01-S003_S(M)TG_R0460_WY-20220513_LJ_stamp_2022_08_23_10_49.ano.eswc,5,81,2236.94,81.7699,67.1561,1.0531
00189_P003_T01-S003_S(M)TG_R0613_WY-20220513_XJ_stamp_2022_07_12_17_10.ano.eswc,7,77,3084.99,83.2045,59.0406,1.07128
00190_P003_T01-S003_S(M)TG_R0460_WY-20220513_XJ_stamp_2022_08_31_14_21.ano.eswc,9,65,2071.37,78.948,65.1561,1.043
00191_P003_T01-S003_S(M)TG_R0613_WY-20220513_XJ_stamp_2022_07_12_17_19.ano.eswc,6,82,3151.48,71.8045,55.492,1.08068
00193_P003_T01-S003_S(M)TG_R0613_WY-20220513_XJ_stamp_2022_08_23_10_50.ano.eswc,8,78,3251.28,69.5076,58.6723,1.09251
00198_P003_T01-S003_S(M)TG_R0613_WY-20220513_XJ_stamp_2022_07_12_17_19.ano.eswc,9,125,4321.45,64.0357,56.5826,1.0966
00202_P003_T01-S004_S(M)TG_R0460_WY-20220513_LJ_stamp_2022_08_30_10_29.ano.eswc,6,56,1912.64,77.1944,64.3377,1.02978
00204_P003_T01-S004_S(M)TG_R0460_WY-20220513_LJ_stamp_2022_08_23_15_58.ano.eswc,7,91,3423.3,68.6184,55.6806,1.1336
00205_P003_T01-S004_S(M)TG_R0460_WY-20220513_LJ_stamp_2022_08_23_15_59.ano.eswc,8,106,3004.16,80.3803,66.7363,1.05677
00206_P003_T01-S004_S(M)TG_R0613_WY-20220513_LJ_stamp_2022_07_13_17_16.ano.eswc,8,104,4117.22,75.9538,59.3341,1.12352
00207_P003_T01-S004_S(M)TG_R0613_WY-20220513_LJ_stamp_2022_08_31_14_24.ano.eswc,8,144,5316.23,73.8486,54.866,1.09581
00209_P003_T01-S004_S(M)TG_R0460_WY-20220513_LJ_stamp_2022_07_13_17_22.ano.eswc,7,125,3961.66,71.9109,57.6023,1.13661
00211_P003_T01-S004_S(M)TG_R0613_WY-20220513_YXQ_stamp_2022_07_13_17_23.ano.eswc,8,108,4202.19,68.9696,57.9571,1.08555
00215_P003_T01-S004_S(M)TG_R0613_WY-20220513_YXQ_stamp_2022_08_23_16_00.ano.eswc,8,68,2634.93,78.5806,56.2972,1.06772
00216_P003_T01-S004_S(M)TG_R0613_WY-20220513_YXQ_stamp_2022_08_23_17_24.ano.eswc,9,67,2408.38,59.4847,61.5693,1.05006
00224_P003_T01-S004_S(M)TG_R0613_WY-20220513_XJ_stamp_2022_07_13_17_23.ano.eswc,8,108,4245.22,70.4733,58.3357,1.10231
00225_P003_T01-S004_S(M)TG_R0460_WY-20220513_XJ_stamp_2022_08_23_17_25.ano.eswc,7,69,2080.44,75.7476,56.8182,1.06559
00226_P003_T01-S004_S(M)TG_R0460_WY-20220513_XJ_stamp_2022_08_30_11_16.ano.eswc,8,58,1535.09,83.8708,61.0073,1.05656
00227_P003_T01-S004_S(M)TG_R0613_WY-20220513_XJ_stamp_2022_07_13_17_24.ano.eswc,11,231,8001.12,65.7344,50.2134,1.11761
00228_P003_T01-S004_S(M)TG_R0613_WY-20220513_XJ_stamp_2022_07_13_17_25.ano.eswc,10,142,6354.79,63.9596,57.5331,1.09309
00229_P003_T01-S004_S(M)TG_R0613_WY-20220513_XJ_stamp_2022_07_13_17_26.ano.eswc,6,176,7688.83,66.2557,57.3201,1.09538
00230_P003_T01-S004_S(M)TG_R0613_WY-20220513_XJ_stamp_2022_07_14_17_20.ano.eswc,9,153,6113.57,62.3684,48.7558,1.11065
00231_P003_T01-S004_S(M)TG_R0613_WY-20220513_XJ_stamp_2022_08_11_15_27.ano.eswc,9,118,3861.98,83.205,63.2104,1.07679
00232_P003_T01-S004_S(M)TG_R0613_WY-20220513_XJ_stamp_2022_07_14_17_20.ano.eswc,14,183,6270.78,67.0864,51.7809,1.1243
00236_P003_T01-S004_S(M)TG_R0613_WY-20220513_XJ_stamp_2022_07_14_17_21.ano.eswc,11,144,6765.9,78.065,55.3211,1.12919
00237_P003_T01-S004_S(M)TG_R0613_WY-20220513_XJ_stamp_2022_07_14_17_22.ano.eswc,7,141,6194.67,80.2873,51.3215,1.09817
00238_P003_T01-S004_S(M)TG_R0613_WY-20220513_XJ_stamp_2022_07_14_17_23.ano.eswc,10,94,5516.63,61.337,49.2151,1.07715
00240_P003_T01-S004_S(M)TG_R0919_WY-20220513_LJ_stamp_2022_07_14_17_24.ano.eswc,10,170,8898.34,59.4901,50.5342,1.09061
00241_P003_T01-S004_S(M)TG_R0613_WY-20220513_LJ_stamp_2022_08_31_14_54.ano.eswc,6,118,5439.81,62.5402,60.1204,1.07699
00242_P003_T01-S004_S(M)TG_R0613_WY-20220513_LJ_stamp_2022_07_14_17_28.ano.eswc,7,160,5599.02,76.5668,58.797,1.10943
00245_P003_T01-S004_S(M)TG_R0613_WY-20220513_LJ_stamp_2022_07_15_17_13.ano.eswc,7,131,5273.29,67.8724,53.1553,1.10718
00246_P003_T01-S004_S(M)TG_R0460_WY-20220513_LJ_stamp_2022_07_15_17_14.ano.eswc,10,129,4091.38,77.3797,59.4113,1.1254
00247_P003_T01-S007_S(M)TG_R0613_WY-20220513_YXQ_stamp_2022_07_15_17_15.ano.eswc,10,69,3930.7,66.9015,54.301,1.08665
00248_P003_T01-S007_S(M)TG_R0613_WY-20220513_YXQ_stamp_2022_07_15_17_15.ano.eswc,7,81,3271.36,72.9458,59.4164,1.07022
00249_P003_T01-S007_S(M)TG_R0460_WY-20220513_YXQ_stamp_2022_07_15_17_16.ano.eswc,8,62,1949.23,79.8202,55.3836,1.05585
00250_P003_T01-S007_S(M)TG_R0613_WY-20220513_YXQ_stamp_2022_07_15_17_17.ano.eswc,11,75,3683.42,64.9064,53.9445,1.09825
00252_P003_T01-S007_S(M)TG_R0460_WY-20220513_XJ_stamp_2022_08_24_09_40.ano.eswc,8,66,2262.79,72.3913,64.5851,1.07721
00253_P003_T01-S007_S(M)TG_R0613_WY-20220513_XJ_stamp_2022_07_15_17_22.ano.eswc,7,85,3132.29,76.3306,59.7083,1.11285
00255_P003_T01-S007_S(M)TG_R0613_WY-20220513_XJ_stamp_2022_08_24_14_21.ano.eswc,8,74,3246.69,62.6158,62.9215,1.12797
00256_P003_T01-S007_S(M)TG_R0613_WY-20220513_LJ_stamp_2022_08_11_16_22.ano.eswc,9,89,3814.74,92.6798,67.7825,1.11008
00259_P003_T01-S007_S(M)TG_R0919_WY-20220513_LJ_stamp_2022_07_15_17_22.ano.eswc,10,74,3703.23,65.0481,61.2271,1.09278
00262_P003_T01-S007_S(M)TG_R0509_WY-20220513_YXQ_stamp_2022_07_18_17_11.ano.eswc,7,117,3774.26,78.4444,62.6458,1.06543
00263_P003_T01-S007_S(M)TG_R0678_WY-20220513_YXQ_stamp_2022_07_18_17_12.ano.eswc,7,209,7552.03,68.5692,55.4108,1.09096
00264_P003_T01-S007_S(M)TG_R0678_WY-20220513_YXQ_stamp_2022_07_18_17_13.ano.eswc,8,106,4627.25,79.762,57.7496,1.09782
00267_P003_T01-S007_S(M)TG_R0678_WY-20220513_XJ_stamp_2022_07_18_17_13.ano.eswc,10,141,5931.72,68.4278,48.9454,1.11018
00270_P003_T01-S007_S(M)TG_R0678_WY-20220513_XJ_stamp_2022_07_18_17_15.ano.eswc,9,149,5078.09,67.2845,53.3917,1.09485
00271_P003_T01-S007_S(M)TG_R0509_WY-20220513_XJ_stamp_2022_08_24_14_21.ano.eswc,8,78,2212.07,85.8826,58.9341,1.06234
00272_P003_T01-S007_S(M)TG_R0509_WY-20220513_XJ_stamp_2022_07_18_17_16.ano.eswc,7,81,2703.06,64.1223,54.33,1.03697
00273_P003_T01-S007_S(M)TG_R0509_WY-20220513_XJ_stamp_2022_07_18_17_17.ano.eswc,7,77,2923.29,64.4746,56.827,1.0891
00274_P003_T01-S007_S(M)TG_R0678_WY-20220513_LJ_stamp_2022_07_18_17_18.ano.eswc,6,140,5836.1,75.1507,57.7979,1.08914
00275_P003_T01-S007_S(M)TG_R0678_WY-20220513_LJ_stamp_2022_07_05_17_23.ano.eswc,9,158,6999.15,63.1203,49.0639,1.09651
00276_P003_T01-S007_S(M)TG_R0678_WY-20220513_LJ_stamp_2022_07_19_16_07.ano.eswc,8,144,6314.93,67.3075,49.9244,1.07156
00278_P003_T01-S007_S(M)TG_R0678_WY-20220513_LJ_stamp_2022_07_19_16_08.ano.eswc,9,112,5359.7,75.4233,48.6087,1.09479
00280_P003_T01-S007_S(M)TG_R0678_WY-20220513_LJ_stamp_2022_07_19_16_09.ano.eswc,8,144,5422.16,78.7999,55.9556,1.12323
00282_P003_T01-S007_S(M)TG_R0509_WY-20220513_LJ_stamp_2022_07_19_16_09.ano.eswc,10,72,3576.28,62.4991,52.9583,1.11607
00285_P003_T01-S008_S(M)TG_R0509_WY-20220513_YXQ_stamp_2022_07_19_16_10.ano.eswc,9,60,1779.94,59.9885,54.8414,1.09319
00289_P003_T01-S008_S(M)TG_R0509_WY-20220513_XJ_stamp_2022_08_24_14_22.ano.eswc,9,71,2366.74,61.7793,53.1379,1.08188
00293_P004_T01-S001_IFG_R0509_GYC-20220523_LJ_stamp_2022_07_05_17_05.ano.eswc,8,61,1512.64,91.4781,65.3637,1.05169
00294_P004_T01-S001_IFG_R0509_GYC-20220523_LJ_stamp_2022_08_31_13_53.ano.eswc,7,68,1508.46,77.708,57.3862,1.07655
00295_P004_T01-S004_IFG_R0509_LJ-20220525_LJ_stamp_2022_07_05_17_09.ano.eswc,12,68,2147.06,70.233,54.1041,1.08275
00296_P004_T01-S004_IFG_R0509_LJ-20220525_LJ_stamp_2022_07_05_17_11.ano.eswc,8,50,1119.15,73.2232,60.3887,1.06884
00299_P005_T01-S001_MFG_R0509_GYC-20220525_GYC_stamp_2022_08_31_14_56.ano.eswc,11,59,2197.87,63.5824,58.0495,1.04627
00302_P005_T01-S001_MFG_R0509_GYC-20220525_GYC_stamp_2022_07_21_17_07.ano.eswc,11,119,4221.6,75.1933,59.4654,1.12098
00309_P005_T01-S001_MFG_R0509_GYC-20220525_GYC_stamp_2022_07_25_15_12.ano.eswc,12,100,4081.59,80.2919,55.5357,1.12457
00310_P005_T01-S001_MFG_R0509_GYC-20220525_GYC_stamp_2022_07_25_15_13.ano.eswc,10,94,4205.22,86.954,64.081,1.10564
00311_P005_T01-S001_MFG_R0509_GYC-20220525_GYC_stamp_2022_07_25_15_15.ano.eswc,10,104,3649.47,85.0071,67.4414,1.08852
00312_P005_T01-S001_MFG_R0678_GYC-20220525_GYC_stamp_2022_07_25_15_16.ano.eswc,8,139,5480.66,92.4797,69.1382,1.10626
00313_P005_T01-S001_MFG_R0509_GYC-20220525_GYC_stamp_2022_07_25_15_17.ano.eswc,9,129,5137.15,92.1981,65.4332,1.12668
00314_P005_T01-S001_MFG_R0678_GYC-20220525_GYC_stamp_2022_07_25_17_11.ano.eswc,8,96,4186.35,86.199,62.6608,1.10131
00315_P005_T01-S001_MFG_R0509_GYC-20220525_GYC_stamp_2022_07_21_17_08.ano.eswc,16,148,4970.67,70.6679,62.6025,1.13333
00316_P005_T01-S001_MFG_R0509_GYC-20220525_GYC_stamp_2022_07_25_17_18.ano.eswc,13,161,4753.76,76.0539,62.6456,1.1138
00317_P005_T01-S001_MFG_R0509_GYC-20220525_GYC_stamp_2022_07_25_17_12.ano.eswc,8,94,3572.57,95.8782,72.5478,1.11236
00318_P005_T01-S001_MFG_R0509_GYC-20220525_GYC_stamp_2022_07_25_17_13.ano.eswc,8,96,4021.39,80.8365,72.9449,1.10868
00320_P005_T01-S003_MFG_R0678_LJ-20220525_GSX_stamp_2022_07_26_15_45.ano.eswc,12,132,4717.62,88.0486,62.345,1.12325
00322_P005_T01-S003_MFG_R0509_LJ-20220525_GSX_stamp_2022_08_31_14_29.ano.eswc,10,120,4414.04,79.5493,56.8377,1.13184
00325_P005_T01-S003_MFG_R0509_LJ-20220525_GSX_stamp_2022_07_26_16_34.ano.eswc,7,45,1569.13,85.7753,61.3062,1.04256
00326_P005_T01-S003_MFG_R0509_LJ-20220525_GSX_stamp_2022_07_21_17_09.ano.eswc,15,91,3355.19,69.3295,59.2846,1.16772
00328_P005_T01-S003_MFG_R0509_LJ-20220525_GSX_stamp_2022_07_26_17_03.ano.eswc,10,96,2899.72,78.5029,57.4043,1.08903
00329_P005_T01-S003_MFG_R0509_LJ-20220525_GSX_stamp_2022_07_21_17_10.ano.eswc,11,119,3729.01,88.3959,62.3756,1.12514
00331_P005_T01-S003_MFG_R0509_LJ-20220525_GSX_stamp_2022_07_21_17_11.ano.eswc,11,75,2565.3,86.2119,75.2336,1.11808
00333_P005_T01-S016_MFG_R0509_LJ-20220525_YXQ_stamp_2022_07_26_08_56.ano.eswc,10,80,2742.67,68.0295,54.7001,1.11196
00334_P005_T01-S016_MFG_R0509_LJ-20220525_XJ_stamp_2022_07_22_17_17.ano.eswc,12,70,2110.83,84.64,58.8722,1.14167
00341_P005_T01-S016_MFG_R0509_LJ-20220525_YXQ_stamp_2022_07_22_17_18.ano.eswc,12,52,2051.39,80.9767,76.7632,1.07594
00342_P005_T01-S016_MFG_R0678_LJ-20220525_LJ_stamp_2022_07_26_17_04.ano.eswc,15,65,2965.33,71.9493,59.0188,1.10621
00345_P005_T01-S016_MFG_R0509_LJ-20220525_LJ_stamp_2022_07_22_17_19.ano.eswc,8,56,2006.62,73.5692,59.4054,1.08063
00348_P005_T01-S016_MFG_R0509_LJ-20220525_XJ_stamp_2022_07_22_17_20.ano.eswc,7,47,1782.11,57.9861,51.3455,1.07256
00361_P005_T01-S009_MFG_R0509_LJ-20220525_YXQ_stamp_2022_08_30_14_20.ano.eswc,8,60,2034.95,79.7645,60.3211,1.0501
00368_P005_T01-S009_MFG_R0509_LJ-20220525_LJ_stamp_2022_07_27_11_12.ano.eswc,11,93,3096.67,75.9239,57.1439,1.10971
00373_P005_T01-S009_MFG_R0509_LJ-20220525_LJ_stamp_2022_07_22_17_20.ano.eswc,11,72,2579.87,83.6838,71.3155,1.08874
00374_P005_T01-S005_MFG_R0509_LJ-20220525_YXQ_stamp_2022_07_27_16_44.ano.eswc,12,150,3889.96,79.2509,59.4859,1.1265
00375_P005_T01-S005_MFG_R0509_LJ-20220525_YXQ_stamp_2022_07_27_16_46.ano.eswc,12,102,3318.61,84.0472,62.3973,1.10837
00376_P005_T01-S005_MFG_R0509_LJ-20220525_YXQ_stamp_2022_07_26_17_04.ano.eswc,10,118,3101.65,81.7832,64.0749,1.08786
00378_P005_T01-S005_MFG_R0509_LJ-20220525_YXQ_stamp_2022_07_26_17_05.ano.eswc,7,101,2848.87,71.1461,65.5148,1.12054
00379_P005_T01-S005_MFG_R0509_LJ-20220525_YXQ_stamp_2022_07_27_16_47.ano.eswc,9,107,2746.08,67.447,54.7688,1.0489
00381_P005_T01-S005_MFG_R0509_LJ-20220525_YXQ_stamp_2022_07_21_16_35.ano.eswc,11,108,3179.16,77.6179,59.5917,1.11142
00382_P005_T01-S005_MFG_R0509_LJ-20220525_YXQ_stamp_2022_07_21_16_36.ano.eswc,9,63,1904.25,79.7976,61.3707,1.13013
00383_P005_T01-S005_MFG_R0509_LJ-20220525_XJ_stamp_2022_07_21_16_37.ano.eswc,9,129,3773.57,81.8515,59.2151,1.12481
00384_P005_T01-S005_MFG_R0509_LJ-20220525_XJ_stamp_2022_07_21_16_39.ano.eswc,9,84,2453.62,76.3596,60.6568,1.04604
00385_P005_T01-S005_MFG_R0509_LJ-20220525_XJ_stamp_2022_07_21_16_40.ano.eswc,10,104,3321.7,82.8869,67.9051,1.11909
00386_P005_T01-S005_MFG_R0509_LJ-20220525_XJ_stamp_2022_07_21_17_09.ano.eswc,8,88,1907.52,85.5748,71.919,1.06994
00387_P005_T01-S005_MFG_R0509_LJ-20220525_XJ_stamp_2022_07_22_17_00.ano.eswc,7,49,1438.44,88.1507,67.5582,1.01881
00388_P005_T01-S005_MFG_R0509_LJ-20220525_XJ_stamp_2022_07_22_17_01.ano.eswc,7,47,1137.9,94.0741,77.804,1.04695
00389_P005_T01-S005_MFG_R0509_LJ-20220525_XJ_stamp_2022_07_22_17_01.ano.eswc,9,99,2365.76,82.6112,65.6133,1.10294
00390_P005_T01-S005_MFG_R0509_LJ-20220525_XJ_stamp_2022_07_22_17_02.ano.eswc,9,76,2115.67,85.5529,70.8285,1.06885
00392_P005_T01-S005_MFG_R0509_LJ-20220525_LJ_stamp_2022_07_22_17_02.ano.eswc,7,57,1285.83,92.2705,71.1465,1.04083
00393_P005_T01-S005_MFG_R0509_LJ-20220525_LJ_stamp_2022_07_22_17_03.ano.eswc,7,97,2801.96,88.3641,64.4083,1.08356
00394_P005_T01-S005_MFG_R0509_LJ-20220525_LJ_stamp_2022_07_22_17_03.ano.eswc,7,54,1382.62,86.2289,72.484,1.05014
00395_P005_T01-S005_MFG_R0509_LJ-20220525_LJ_stamp_2022_07_22_17_04.ano.eswc,8,32,942.76,80.8143,68.5716,1.02983
00397_P005_T01-S005_MFG_R0678_LJ-20220525_LJ_stamp_2022_07_28_16_36.ano.eswc,12,91,3702.28,90.582,70.5487,1.09952
00399_P005_T01-S005_MFG_R0678_LJ-20220525_LJ_stamp_2022_07_28_16_36.ano.eswc,9,92,3501.19,91.4409,67.7123,1.08994
00402_P005_T01-S004_MFG_R0509_LJ-20220525_LJ_stamp_2022_07_28_16_36.ano.eswc,11,66,2176.95,68.7568,58.8959,1.08804
00403_P005_T01-S004_MFG_R0509_LJ-20220525_LJ_stamp_2022_07_26_17_05.ano.eswc,10,70,2040.63,64.8681,61.9041,1.11474
00404_P005_T01-S004_MFG_R0509_LJ-20220525_LJ_stamp_2022_07_28_17_19.ano.eswc,9,76,2567.11,78.7992,63.5954,1.07911
00408_P005_T01-S004_MFG_R0678_LJ-20220525_LJ_stamp_2022_07_28_16_37.ano.eswc,8,108,3899.1,89.2585,59.0319,1.12778
00412_P005_T01-S004_MFG_R0509_LJ-20220525_YXQ_stamp_2022_07_27_16_49.ano.eswc,10,84,2391.3,78.0377,70.1751,1.09619
00413_P005_T01-S004_MFG_R0509_LJ-20220525_YXQ_stamp_2022_07_26_17_06.ano.eswc,10,74,2536.97,83.1772,75.8132,1.10014
00414_P005_T01-S004_MFG_R0509_LJ-20220525_YXQ_stamp_2022_07_29_16_23.ano.eswc,13,88,2759.16,78.4378,60.0255,1.1351
00415_P005_T01-S004_MFG_R0509_LJ-20220525_YXQ_stamp_2022_07_29_16_23.ano.eswc,9,85,2602.37,87.0988,65.7481,1.11301
00416_P005_T01-S004_MFG_R0509_LJ-20220525_YXQ_stamp_2022_08_31_14_32.ano.eswc,9,89,3348.79,84.3305,66.0245,1.13936
00417_P005_T01-S004_MFG_R0509_LJ-20220525_YXQ_stamp_2022_07_27_11_16.ano.eswc,9,59,2432.74,69.5981,64.1113,1.08366
00419_P005_T01-S004_MFG_R0509_LJ-20220525_YXQ_stamp_2022_07_27_16_50.ano.eswc,8,90,2456.33,75.283,67.8821,1.11616
00421_P005_T01-S004_MFG_R0678_LJ-20220525_YXQ_stamp_2022_07_29_16_25.ano.eswc,8,66,2483.91,80.6953,62.6696,1.10704
00422_P005_T01-S004_MFG_R0509_LJ-20220525_YXQ_stamp_2022_07_29_16_25.ano.eswc,9,87,3505.65,86.3334,67.3324,1.09386
00423_P005_T01-S004_MFG_R0678_LJ-20220525_YXQ_stamp_2022_07_29_16_26.ano.eswc,9,87,3455.39,72.8993,61.2395,1.08459
00425_P005_T01-S004_MFG_R0509_LJ-20220525_XJ_stamp_2022_07_29_16_33.ano.eswc,10,62,2421.19,75.065,57.2253,1.11168
00427_P005_T01-S004_MFG_R0509_LJ-20220525_XJ_stamp_2022_07_29_16_33.ano.eswc,16,99,3237.03,88.8696,57.4843,1.0876
00428_P005_T01-S004_MFG_R0509_LJ-20220525_XJ_stamp_2022_08_01_16_42.ano.eswc,7,63,2068.98,83.9535,60.563,1.07916
00433_P005_T01-S004_MFG_R0678_LJ-20220525_XJ_stamp_2022_08_01_16_43.ano.eswc,10,87,3300.25,76.8588,59.8379,1.10984
00434_P005_T01-S004_MFG_R0678_LJ-20220525_XJ_stamp_2022_08_01_16_43.ano.eswc,14,85,3507.14,84.8117,67.0357,1.09792
00435_P005_T01-S006_MFG_R0509_LJ-20220525_YXQ_stamp_2022_07_26_15_48.ano.eswc,9,49,1481.47,79.939,74.2916,1.14188
00436_P005_T01-S006_MFG_R0509_LJ-20220525_YXQ_stamp_2022_07_26_15_49.ano.eswc,9,53,1590.84,80.8365,72.7223,1.06202
00437_P005_T01-S006_MFG_R0509_LJ-20220525_YXQ_stamp_2022_07_26_15_50.ano.eswc,8,90,2675.18,90.9556,78.5475,1.09617
00438_P005_T01-S006_MFG_R0509_LJ-20220525_YXQ_stamp_2022_07_26_15_51.ano.eswc,10,56,2654.16,90.4567,60.9193,1.12636
00439_P005_T01-S006_MFG_R0509_LJ-20220525_YXQ_stamp_2022_07_26_15_52.ano.eswc,9,55,1898.28,83.3789,61.6902,1.15428
00440_P005_T01-S006_MFG_R0509_LJ-20220525_YXQ_stamp_2022_07_27_16_42.ano.eswc,10,124,3921.47,85.9278,65.0356,1.14466
00441_P005_T01-S006_MFG_R0509_LJ-20220525_YXQ_stamp_2022_07_27_16_43.ano.eswc,12,82,2876.23,84.4668,68.1039,1.13328
00442_P005_T01-S006_MFG_R0509_LJ-20220525_YXQ_stamp_2022_07_27_16_43.ano.eswc,8,58,2043.11,88.9568,68.8711,1.05496
00443_P005_T01-S006_MFG_R0509_LJ-20220525_YXQ_stamp_2022_07_27_16_43.ano.eswc,9,75,3059.21,81.8735,58.6705,1.10631
00444_P005_T01-S006_MFG_R0509_LJ-20220525_YXQ_stamp_2022_07_27_16_44.ano.eswc,9,65,2122.5,95.2944,70.553,1.04944
00445_P005_T01-S005_MFG_R0509_LJ-20220525_XJ_stamp_2022_07_27_16_44.ano.eswc,9,51,1476.48,91.2094,66.0271,1.17758
00448_P005_T01-S005_MFG_R0509_LJ-20220525_XJ_stamp_2022_08_01_16_43.ano.eswc,9,99,2425.84,84.1142,69.2248,1.04797
00450_P005_T01-S005_MFG_R0509_LJ-20220525_XJ_stamp_2022_07_26_17_07.ano.eswc,8,38,1408.99,78.6913,69.1604,1.04722
00453_P005_T01-S005_MFG_R0509_LJ-20220525_XJ_stamp_2022_07_28_09_36.ano.eswc,10,72,1645.53,80.5124,61.5069,1.07218
00470_P005_T01-S005_MFG_R0509_LJ-20220525_XJ_stamp_2022_07_26_17_07.ano.eswc,10,104,2354.9,70.7112,62.5402,1.06589
00471_P005_T01-S005_MFG_R0509_LJ-20220525_LJ_stamp_2022_07_29_09_21.ano.eswc,9,70,2446.61,82.9838,62.2651,1.12035
00479_P005_T01-S006_MFG_R0509_LJ-20220525_LJ_stamp_2022_07_29_09_22.ano.eswc,7,98,3147.11,79.5075,67.0742,1.11578
00480_P005_T01-S006_MFG_R0509_LJ-20220525_LJ_stamp_2022_08_01_16_44.ano.eswc,9,102,3121.63,90.7738,61.5887,1.12121
00481_P005_T01-S006_MFG_R0678_LJ-20220525_LJ_stamp_2022_08_01_16_44.ano.eswc,11,160,5255.2,83.0741,58.9914,1.10928
00482_P005_T01-S006_MFG_R0509_LJ-20220525_LJ_stamp_2022_07_29_09_24.ano.eswc,8,100,3038.46,80.8567,61.5214,1.10942
00484_P005_T01-S006_MFG_R0678_LJ-20220525_LJ_stamp_2022_08_01_16_45.ano.eswc,12,132,4845.01,84.0265,65.0387,1.12384
00485_P005_T01-S006_MFG_R0509_LJ-20220525_LJ_stamp_2022_07_29_09_25.ano.eswc,8,96,2717.75,79.8979,66.3529,1.03996
00487_P005_T01-S006_MFG_R0509_LJ-20220525_LJ_stamp_2022_07_29_10_13.ano.eswc,13,95,2626.02,75.6665,62.7332,1.05512
00488_P005_T01-S006_MFG_R0509_LJ-20220525_LJ_stamp_2022_08_01_09_34.ano.eswc,7,99,2806.18,79.2629,62.2614,1.09372
00489_P005_T01-S006_MFG_R0509_LJ-20220525_LJ_stamp_2022_08_01_16_45.ano.eswc,9,77,3370.31,88.9892,65.0193,1.11145
00490_P005_T01-S006_MFG_R0678_LJ-20220525_LJ_stamp_2022_08_02_17_05.ano.eswc,9,99,4404.11,81.6693,60.5446,1.0881
00494_P005_T01-S006_MFG_R0509_LJ-20220525_LJ_stamp_2022_08_01_09_33.ano.eswc,9,69,1804.12,86.3387,64.8778,1.04345
00495_P005_T01-S006_MFG_R0509_LJ-20220525_LJ_stamp_2022_08_01_09_29.ano.eswc,11,82,2701.29,71.0234,60.1681,1.10497
00496_P005_T01-S006_MFG_R0509_LJ-20220525_LJ_stamp_2022_08_01_09_39.ano.eswc,11,85,2513.61,74.5361,69.6295,1.10975
00497_P005_T01-S006_MFG_R0678_LJ-20220525_YXQ_stamp_2022_08_01_11_08.ano.eswc,13,103,3960.4,73.5931,64.4262,1.09297
00498_P005_T01-S006_MFG_R0509_LJ-20220525_YXQ_stamp_2022_08_01_11_09.ano.eswc,8,104,3166.39,84.6094,71.7525,1.0416
00499_P005_T01-S006_MFG_R0509_LJ-20220525_YXQ_stamp_2022_08_01_14_05.ano.eswc,10,101,3250.51,83.5874,62.2301,1.10504
00501_P005_T01-S006_MFG_R0678_LJ-20220525_YXQ_stamp_2022_08_02_17_05.ano.eswc,9,123,4834.79,83.4968,70.2824,1.11099
00502_P005_T01-S006_MFG_R0678_LJ-20220525_YXQ_stamp_2022_08_01_14_06.ano.eswc,11,121,4530.67,72.7491,54.1397,1.11324
00503_P005_T01-S006_MFG_R0509_LJ-20220525_YXQ_stamp_2022_08_01_15_24.ano.eswc,9,89,2686.25,88.2717,69.1032,1.09528
00504_P005_T01-S006_MFG_R0509_LJ-20220525_YXQ_stamp_2022_08_01_16_03.ano.eswc,8,90,2624.34,85.3428,61.6096,1.09982
00509_P005_T01-S006_MFG_R0678_LJ-20220525_YXQ_stamp_2022_08_01_17_07.ano.eswc,8,112,4477.16,72.1017,57.2526,1.07802
00511_P005_T01-S006_MFG_R0678_LJ-20220525_YXQ_stamp_2022_08_02_17_05.ano.eswc,9,119,4329.2,76.0583,65.1378,1.08954
00514_P005_T01-S007_MFG_R0509_LJ-20220525_YXQ_stamp_2022_08_02_09_43.ano.eswc,10,88,2761.58,76.3228,52.9538,1.1369
00519_P005_T01-S007_MFG_R0509_LJ-20220525_LJ_stamp_2022_08_02_17_06.ano.eswc,9,76,2870.38,80.446,57.265,1.15043
00524_P005_T01-S007_MFG_R0509_LJ-20220525_XJ_stamp_2022_08_02_10_38.ano.eswc,12,94,2753.91,75.3047,56.5073,1.07477
00525_P005_T01-S007_MFG_R0509_LJ-20220525_XJ_stamp_2022_08_02_14_13.ano.eswc,10,95,2518.88,71.7973,58.9579,1.0912
00527_P005_T01-S007_MFG_R0509_LJ-20220525_LJ_stamp_2022_08_02_14_14.ano.eswc,10,68,1971.91,79.2258,55.1866,1.08179
00534_P006_T01-S002_STG_R0509_LJ-20220530_YXQ_stamp_2022_08_02_16_02.ano.eswc,10,54,1905.25,86.498,63.6114,1.12204
00535_P006_T01-S002_STG_R0678_LJ-20220530_YXQ_stamp_2022_08_02_16_03.ano.eswc,10,78,3412.99,80.5095,54.4623,1.1145
00537_P006_T01-S002_STG_R0678_LJ-20220530_YXQ_stamp_2022_08_02_17_06.ano.eswc,7,71,2579.03,73.039,60.7377,1.10127
00538_P006_T01-S002_STG_R0678_LJ-20220530_YXQ_stamp_2022_08_04_10_10.ano.eswc,9,76,2831.08,87.0793,71.3508,1.09507
00539_P006_T01-S002_STG_R0678_LJ-20220530_YXQ_stamp_2022_08_02_17_10.ano.eswc,8,78,3018.95,72.4966,67.5248,1.1089
00540_P006_T01-S002_STG_R0678_LJ-20220530_YXQ_stamp_2022_07_04_17_11.ano.eswc,7,91,3897.72,66.4698,56.7,1.09189
00541_P006_T01-S002_STG_R0678_LJ-20220530_YXQ_stamp_2022_08_03_09_29.ano.eswc,7,57,2412.44,73.1539,61.7499,1.09608
00542_P006_T01-S002_STG_R0678_LJ-20220530_YXQ_stamp_2022_08_04_11_04.ano.eswc,6,46,1931.22,69.2057,55.2576,1.0958
00543_P006_T01-S002_STG_R0678_LJ-20220530_YXQ_stamp_2022_08_05_10_03.ano.eswc,8,62,2551.52,75.3694,57.7287,1.10141
00544_P006_T01-S002_STG_R0678_LJ-20220530_YXQ_stamp_2022_08_03_14_37.ano.eswc,5,81,3086.97,78.8989,55.7892,1.09711
00545_P006_T01-S002_STG_R0678_LJ-20220530_YXQ_stamp_2022_08_03_14_39.ano.eswc,8,77,3134.67,72.7024,66.0598,1.10475
00547_P006_T01-S002_STG_R0678_LJ-20220530_YXQ_stamp_2022_08_03_15_41.ano.eswc,9,91,3291.05,76.2038,60.8597,1.11597
00548_P006_T01-S002_STG_R0678_LJ-20220530_LJ_stamp_2022_08_05_10_34.ano.eswc,14,78,3440.11,82.2577,56.3426,1.11669
00554_P006_T01-S003_STG_R0509_LJ-20220530_YXQ_stamp_2022_08_02_17_07.ano.eswc,14,96,3132.57,76.9866,59.251,1.1306
00555_P006_T01-S003_STG_R0509_LJ-20220530_YXQ_stamp_2022_08_02_17_07.ano.eswc,7,94,2968.61,82.4839,60.6928,1.07762
00556_P006_T01-S003_STG_R0509_LJ-20220530_YXQ_stamp_2022_08_02_17_07.ano.eswc,8,127,3890.76,88.6791,64.4734,1.08745
00557_P006_T01-S003_STG_R0509_LJ-20220530_YXQ_stamp_2022_08_03_17_21.ano.eswc,10,114,4267.45,81.8799,58.7,1.09538
00560_P006_T01-S003_STG_R0509_LJ-20220530_YXQ_stamp_2022_08_03_17_16.ano.eswc,9,101,3433.74,84.8024,67.4988,1.09033
00562_P006_T01-S003_STG_R0678_LJ-20220530_YXQ_stamp_2022_07_04_17_12.ano.eswc,18,169,6205.35,67.2773,57.8594,1.11865
00563_P006_T01-S003_STG_R0509_LJ-20220530_YXQ_stamp_2022_08_04_09_57.ano.eswc,13,93,2699.61,88.0083,61.4735,1.10949
00565_P006_T01-S003_STG_R0509_LJ-20220530_YXQ_stamp_2022_08_04_09_58.ano.eswc,10,104,3446.59,80.6488,58.309,1.12299
00570_P006_T01-S003_STG_R0509_LJ-20220530_LJ_stamp_2022_08_03_17_22.ano.eswc,8,88,3013.87,93.294,61.0704,1.07556
00571_P006_T01-S003_STG_R0509_LJ-20220530_LJ_stamp_2022_08_03_17_22.ano.eswc,8,92,3217.51,85.9345,58.9911,1.08609
00573_P006_T01-S003_STG_R0509_LJ-20220530_LJ_stamp_2022_08_03_17_23.ano.eswc,7,97,3451.64,86.347,62.1832,1.09075
00574_P006_T01-S003_STG_R0509_LJ-20220530_LJ_stamp_2022_07_04_17_13.ano.eswc,14,94,3474.43,79.8826,63.2845,1.13359
00576_P006_T01-S003_STG_R0509_LJ-20220530_LJ_stamp_2022_08_03_17_23.ano.eswc,9,101,3371.24,80.1876,60.3618,1.09168
00577_P006_T01-S003_STG_R0509_LJ-20220530_LJ_stamp_2022_08_03_17_23.ano.eswc,5,89,2682.9,77.7175,62.6972,1.07788
00578_P006_T01-S003_STG_R0509_LJ-20220530_LJ_stamp_2022_08_03_17_24.ano.eswc,9,111,3330.77,84.0032,56.3046,1.10533
00579_P006_T01-S003_STG_R0509_LJ-20220530_LJ_stamp_2022_08_03_17_25.ano.eswc,9,111,3913.04,74.6025,55.6377,1.11494
00581_P006_T01-S003_STG_R0509_LJ-20220530_LJ_stamp_2022_08_04_16_28.ano.eswc,10,111,3255.92,77.9916,57.8262,1.08849
00582_P006_T01-S003_STG_R0509_LJ-20220530_LJ_stamp_2022_08_04_16_28.ano.eswc,7,112,3934.9,81.6854,61.2828,1.09827
00583_P006_T01-S003_STG_R0509_LJ-20220530_XJ_stamp_2022_08_04_16_29.ano.eswc,6,98,3364.49,78.6262,62.9671,1.10329
00586_P006_T01-S003_STG_R0509_LJ-20220530_XJ_stamp_2022_08_04_16_30.ano.eswc,9,77,2711.35,87.7756,62.5177,1.03933
00587_P006_T01-S003_STG_R0509_LJ-20220530_XJ_stamp_2022_08_04_16_31.ano.eswc,7,105,3901.88,82.8857,57.4377,1.09802
00589_P006_T01-S003_STG_R0509_LJ-20220530_XJ_stamp_2022_08_04_09_59.ano.eswc,8,98,3513.05,80.7793,56.335,1.10477
00590_P006_T01-S003_STG_R0509_LJ-20220530_XJ_stamp_2022_08_04_10_00.ano.eswc,9,101,2887.61,79.3514,65.4576,1.10369
00591_P006_T01-S003_STG_R0509_LJ-20220530_XJ_stamp_2022_08_04_11_05.ano.eswc,10,101,3682.02,74.9814,50.165,1.11414
00592_P006_T01-S003_STG_R0509_LJ-20220530_XJ_stamp_2022_08_04_14_19.ano.eswc,11,101,3327.18,76.7368,54.6976,1.09238
00593_P006_T01-S003_STG_R0509_LJ-20220530_XJ_stamp_2022_08_04_14_20.ano.eswc,9,98,2575.14,81.7341,60.2046,1.13553
00594_P006_T01-S003_STG_R0509_LJ-20220530_XJ_stamp_2022_06_28_15_29.ano.eswc,13,131,4966.02,74.0856,56.1931,1.13162
00595_P006_T01-S003_STG_R0509_LJ-20220530_XJ_stamp_2022_08_04_15_12.ano.eswc,8,76,2528.41,80.1773,60.4515,1.12153
00596_P006_T01-S003_STG_R0509_LJ-20220530_XJ_stamp_2022_08_04_16_19.ano.eswc,12,102,3637.87,80.4871,58.4347,1.11461
00602_P006_T01-S005_STG_R0509_LJ-20220530_LJ_stamp_2022_08_08_09_28.ano.eswc,9,73,2414.19,79.419,53.2749,1.12954
00604_P006_T01-S005_STG_R0509_LJ-20220530_LJ_stamp_2022_08_08_11_00.ano.eswc,6,66,1837.42,75.1466,59.8332,1.13797
00605_P006_T01-S005_STG_R0509_LJ-20220530_LJ_stamp_2022_08_04_17_10.ano.eswc,8,102,2828.66,77.6957,57.0993,1.1317
00606_P006_T01-S005_STG_R0509_LJ-20220530_LJ_stamp_2022_08_04_16_31.ano.eswc,8,106,3974.35,76.009,54.7284,1.14267
00607_P006_T01-S005_STG_R0509_LJ-20220530_XJ_stamp_2022_08_04_16_32.ano.eswc,10,79,2860.77,81.4791,61.4228,1.09617
00608_P006_T01-S005_STG_R0509_LJ-20220530_XJ_stamp_2022_08_04_16_33.ano.eswc,7,73,2515.09,82.1277,64.3175,1.04958
00609_P006_T01-S005_STG_R0509_LJ-20220530_XJ_stamp_2022_08_05_17_18.ano.eswc,11,76,2062,84.058,60.888,1.05916
00611_P006_T01-S005_STG_R0509_LJ-20220530_XJ_stamp_2022_08_05_10_58.ano.eswc,12,86,1915.83,69.3303,53.7123,1.08905
00612_P006_T01-S005_STG_R0509_LJ-20220530_XJ_stamp_2022_08_05_11_38.ano.eswc,7,101,1660.03,81.6264,50.9303,1.05764
00613_P006_T01-S005_STG_R0509_LJ-20220530_XJ_stamp_2022_08_05_14_38.ano.eswc,5,108,2927.24,73.9114,56.7698,1.09705
00614_P006_T01-S005_STG_R0509_LJ-20220530_XJ_stamp_2022_08_05_15_39.ano.eswc,7,91,2998.08,79.5927,61.2164,1.11431
00621_P006_T01-S004_STG_R0509_LJ-20220530_XJ_stamp_2022_08_09_09_49.ano.eswc,5,68,2312.62,76.7816,61.0116,1.0731
00622_P006_T01-S004_STG_R0678_LJ-20220530_XJ_stamp_2022_08_05_16_37.ano.eswc,13,87,3706.8,75.5117,51.696,1.13013
00623_P006_T01-S004_STG_R0509_LJ-20220530_XJ_stamp_2022_08_17_10_05.ano.eswc,5,57,1922.44,84.3786,56.4609,1.09295
00625_P006_T01-S004_STG_R0509_LJ-20220530_XJ_stamp_2022_08_05_17_18.ano.eswc,9,108,3373.66,81.5978,56.4001,1.1384
00626_P006_T01-S004_STG_R0509_LJ-20220530_XJ_stamp_2022_08_05_17_19.ano.eswc,8,84,3326.81,80.199,55.2603,1.10238
00627_P006_T01-S004_STG_R0678_LJ-20220530_XJ_stamp_2022_08_05_17_19.ano.eswc,9,122,4400.07,76.5869,56.8588,1.10042
00628_P006_T01-S004_STG_R0678_LJ-20220530_XJ_stamp_2022_08_05_17_20.ano.eswc,8,115,4297.71,72.9501,51.3371,1.12932
00629_P006_T01-S004_STG_R0678_LJ-20220530_XJ_stamp_2022_08_05_17_20.ano.eswc,9,109,4035.49,72.5488,58.1829,1.09741
00630_P006_T01-S004_STG_R0678_LJ-20220530_XJ_stamp_2022_08_05_17_21.ano.eswc,8,117,4484.39,94.037,60.4253,1.095
00631_P006_T01-S004_STG_R0678_LJ-20220530_XJ_stamp_2022_08_05_17_21.ano.eswc,7,97,3871.72,80.7515,58.8468,1.10496
00632_P006_T01-S004_STG_R0678_LJ-20220530_XJ_stamp_2022_08_31_14_35.ano.eswc,12,170,6635.83,80.1868,55.4216,1.12356
00633_P006_T01-S004_STG_R0678_LJ-20220530_XJ_stamp_2022_08_08_16_42.ano.eswc,6,119,4065.4,87.5027,59.554,1.10471
00634_P006_T01-S004_STG_R0678_LJ-20220530_LJ_stamp_2022_08_08_16_42.ano.eswc,14,124,4992.77,77.1003,51.6345,1.13539
00635_P006_T01-S004_STG_R0509_LJ-20220530_LJ_stamp_2022_08_08_16_43.ano.eswc,8,92,3161.46,78.7264,56.6698,1.11495
00636_P006_T01-S004_STG_R0509_LJ-20220530_LJ_stamp_2022_08_09_16_33.ano.eswc,7,79,2577.94,81.5198,64.2525,1.11053
00637_P006_T01-S004_STG_R0509_LJ-20220530_LJ_stamp_2022_08_31_15_24.ano.eswc,7,83,2913.5,80.6884,58.2976,1.08529
00638_P006_T01-S004_STG_R0509_LJ-20220530_LJ_stamp_2022_08_09_16_34.ano.eswc,12,123,4151.39,92.1164,58.8091,1.11535
00639_P006_T01-S004_STG_R0509_LJ-20220530_LJ_stamp_2022_08_08_16_43.ano.eswc,7,70,1839.56,87.738,63.1307,1.08809
00640_P006_T01-S004_STG_R0509_LJ-20220530_LJ_stamp_2022_08_11_17_04.ano.eswc,8,102,3350.42,80.8793,58.2274,1.11921
00641_P006_T01-S004_STG_R0678_LJ-20220530_LJ_stamp_2022_08_15_10_44.ano.eswc,7,110,4205.64,70.0686,57.0938,1.1099
00643_P006_T01-S004_STG_R0509_LJ-20220530_LJ_stamp_2022_08_15_14_12.ano.eswc,10,68,2449.48,85.6606,61.9268,1.06479
00644_P006_T01-S004_STG_R0509_LJ-20220530_LJ_stamp_2022_08_18_09_59.ano.eswc,11,63,1669.17,80.0922,58.1943,1.06108
00645_P006_T01-S004_STG_R0678_LJ-20220530_LJ_stamp_2022_08_15_14_13.ano.eswc,11,126,5647.51,64.7652,49.8313,1.11568
00646_P006_T01-S004_STG_R0509_LJ-20220530_LJ_stamp_2022_08_15_14_14.ano.eswc,15,91,2931.96,67.9156,53.7257,1.12878
00647_P006_T01-S004_STG_R0509_LJ-20220530_LJ_stamp_2022_08_15_15_38.ano.eswc,12,124,4456.09,67.7757,50.7378,1.14243
00648_P006_T01-S004_STG_R0678_LJ-20220530_YXQ_stamp_2022_08_15_17_10.ano.eswc,9,95,3694.53,63.3591,51.3463,1.10698
00649_P006_T01-S004_STG_R0509_LJ-20220530_YXQ_stamp_2022_08_30_14_21.ano.eswc,6,56,2048.77,68.2971,55.0315,1.06728
00651_P006_T01-S004_STG_R0509_LJ-20220530_YXQ_stamp_2022_08_15_17_11.ano.eswc,7,81,2481.01,73.7697,63.3656,1.16067
00652_P006_T01-S004_STG_R0509_LJ-20220530_YXQ_stamp_2022_08_18_14_42.ano.eswc,7,63,2365.94,82.752,53.702,1.09817
00653_P006_T01-S004_STG_R0509_LJ-20220530_YXQ_stamp_2022_08_16_10_26.ano.eswc,11,71,2691.6,81.1206,58.6298,1.13876
00654_P006_T01-S004_STG_R0678_LJ-20220530_YXQ_stamp_2022_08_16_15_26.ano.eswc,8,76,2668.6,70.5113,58.2543,1.16486
00655_P006_T01-S004_STG_R0509_LJ-20220530_YXQ_stamp_2022_08_26_10_54.ano.eswc,9,65,2661.79,61.7374,46.0867,1.13871
00656_P006_T01-S004_STG_R0509_LJ-20220530_YXQ_stamp_2022_08_16_15_27.ano.eswc,8,74,2544.17,77.9568,62.7312,1.12892
00657_P006_T01-S004_STG_R0509_LJ-20220530_YXQ_stamp_2022_08_16_15_28.ano.eswc,12,90,3251.64,82.224,53.7162,1.09457
00658_P006_T01-S004_STG_R0509_LJ-20220530_YXQ_stamp_2022_08_30_14_22.ano.eswc,7,59,2041.45,78.5187,64.1711,1.11202
00659_P006_T01-S004_STG_R0509_LJ-20220530_YXQ_stamp_2022_08_16_15_28.ano.eswc,9,93,3311.56,63.1232,53.8237,1.05368
00660_P006_T01-S004_STG_R0509_LJ-20220530_YXQ_stamp_2022_08_16_16_38.ano.eswc,9,91,2990.59,66.1441,57.6143,1.10727
00664_P005_T01-S010_MFG_R0509_LJ-20220525_XJ_stamp_2022_08_04_10_30.ano.eswc,8,72,2342.1,74.3512,57.7913,1.13523
00665_P005_T01-S010_MFG_R0509_LJ-20220525_XJ_stamp_2022_06_28_15_37.ano.eswc,10,155,4541.04,74.4668,61.1516,1.13117
00667_P005_T01-S010_MFG_R0509_LJ-20220525_XJ_stamp_2022_06_28_15_26.ano.eswc,5,67,2705.08,81.8429,67.9257,1.08204
00669_P005_T01-S010_MFG_R0678_LJ-20220525_XJ_stamp_2022_08_05_17_26.ano.eswc,9,161,4691.23,80.4652,61.6466,1.1146
00670_P005_T01-S010_MFG_R0678_LJ-20220525_XJ_stamp_2022_08_17_10_47.ano.eswc,8,146,5368.92,79.7297,62.1897,1.0877
00671_P005_T01-S010_MFG_R0509_LJ-20220525_XJ_stamp_2022_08_17_14_09.ano.eswc,7,109,3478.34,83.1197,67.1542,1.06393
00674_P005_T01-S010_MFG_R0509_LJ-20220525_XJ_stamp_2022_08_17_14_10.ano.eswc,9,71,2241.95,74.3023,62.6143,1.05908
00675_P005_T01-S010_MFG_R0509_LJ-20220525_XJ_stamp_2022_08_08_10_27.ano.eswc,10,104,2846.38,84.5349,63.4414,1.09829
00676_P005_T01-S010_MFG_R0509_LJ-20220525_XJ_stamp_2022_06_28_15_56.ano.eswc,9,73,2825.51,74.9266,60.0536,1.09975
00677_P005_T01-S010_MFG_R0678_LJ-20220525_XJ_stamp_2022_06_28_16_43.ano.eswc,11,127,6268.12,66.1191,52.7786,1.1346
00678_P005_T01-S010_MFG_R0509_LJ-20220525_XJ_stamp_2022_08_08_14_07.ano.eswc,7,103,2811.37,76.4225,67.6717,1.06358
00679_P005_T01-S010_MFG_R0509_LJ-20220525_XJ_stamp_2022_08_08_14_38.ano.eswc,6,84,2773.75,88.9541,69.465,1.0621
00680_P005_T01-S010_MFG_R0509_LJ-20220525_XJ_stamp_2022_08_08_15_33.ano.eswc,8,110,2967.11,74.5411,61.895,1.12364
00689_P007_T01-S001_MTG_R0509_LJ-20220530_LJ_stamp_2022_07_06_17_18.ano.eswc,10,77,2086.19,76.9878,66.0738,1.06097
00691_P007_T01-S001_MTG_R0509_LJ-20220530_LJ_stamp_2022_07_20_15_45.ano.eswc,8,90,2683.13,79.517,65.6066,1.1494
00692_P007_T01-S001_MTG_R0509_LJ-20220530_LJ_stamp_2022_07_06_17_19.ano.eswc,11,79,2752.77,68.7539,56.604,1.11468
00694_P007_T01-S001_MTG_R0509_LJ-20220530_LJ_stamp_2022_07_06_17_19.ano.eswc,11,107,3091.24,74.208,58.1095,1.13754
00700_P007_T01-S001_MTG_R0509_LJ-20220530_LJ_stamp_2022_07_06_17_20.ano.eswc,13,83,2800.24,86.4096,55.4178,1.1231
00702_P007_T01-S001_MTG_R0509_LJ-20220530_LJ_stamp_2022_07_20_16_32.ano.eswc,8,70,1984.56,69.7976,52.3621,1.07522
00703_P007_T01-S001_MTG_R0509_LJ-20220530_LJ_stamp_2022_08_31_14_00.ano.eswc,10,50,1731.55,74.9655,57.984,1.08197
00704_P007_T01-S001_MTG_R0509_LJ-20220530_LJ_stamp_2022_07_20_16_55.ano.eswc,11,77,2457.93,84.9453,69.184,1.07882
00705_P007_T01-S001_MTG_R0678_LJ-20220530_LJ_stamp_2022_07_22_17_21.ano.eswc,8,96,3677.42,73.1256,54.129,1.12065
00706_P007_T01-S001_MTG_R0509_LJ-20220530_LJ_stamp_2022_08_31_14_12.ano.eswc,10,102,2694.33,77.276,62.446,1.10689
00707_P007_T01-S001_MTG_R0509_LJ-20220530_LJ_stamp_2022_07_21_17_06.ano.eswc,9,98,3128.51,77.9717,62.0107,1.13752
00708_P007_T01-S001_MTG_R0509_LJ-20220530_YXQ_stamp_2022_07_25_17_18.ano.eswc,6,84,2595.75,67.6489,66.263,1.13152
00710_P006_T01-S007_STG_R0509_LJ-20220530_YXQ_stamp_2022_08_08_16_24.ano.eswc,7,96,3035.79,83.7411,58.9059,1.05373
00711_P006_T01-S007_STG_R0509_LJ-20220530_YXQ_stamp_2022_08_08_17_34.ano.eswc,9,101,3108.8,86.4232,57.8253,1.10963
00713_P006_T01-S007_STG_R0509_LJ-20220530_YXQ_stamp_2022_08_09_10_43.ano.eswc,9,99,2762.33,76.3219,56.1256,1.07578
00716_P005_T01-S011_MFG_R0509_LJ-20220525_LJ_stamp_2022_08_17_14_49.ano.eswc,7,93,3385.74,70.3612,52.6731,1.12115
00717_P005_T01-S011_MFG_R0509_LJ-20220525_LJ_stamp_2022_08_17_15_54.ano.eswc,11,109,3702.76,79.8128,60.7737,1.14216
00718_P005_T01-S011_MFG_R0509_LJ-20220525_LJ_stamp_2022_08_17_16_36.ano.eswc,9,100,2955.67,79.9779,61.453,1.14896
00719_P005_T01-S011_MFG_R0509_LJ-20220525_LJ_stamp_2022_08_17_17_28.ano.eswc,12,133,3899.13,87.2416,57.0723,1.15596
00721_P005_T01-S011_MFG_R0509_LJ-20220525_LJ_stamp_2022_08_18_10_35.ano.eswc,9,87,2783.94,76.2575,53.9281,1.13767
00722_P005_T01-S011_MFG_R0509_LJ-20220525_LJ_stamp_2022_08_31_14_59.ano.eswc,8,68,1975.08,69.5001,58.5287,1.06846
00724_P005_T01-S011_MFG_R0509_LJ-20220525_LJ_stamp_2022_08_09_11_30.ano.eswc,10,80,2912.82,81.3397,57.7736,1.11729
00725_P005_T01-S011_MFG_R0509_LJ-20220525_LJ_stamp_2022_08_09_14_09.ano.eswc,10,102,3141.35,79.1919,54.7393,1.12432
00726_P005_T01-S011_MFG_R0509_LJ-20220525_LJ_stamp_2022_06_28_17_09.ano.eswc,13,113,4357.79,68.2588,57.8562,1.13947
00727_P005_T01-S011_MFG_R0509_LJ-20220525_LJ_stamp_2022_08_09_14_09.ano.eswc,10,97,2601.85,62.2085,55.3889,1.06372
00730_P005_T01-S011_MFG_R0509_LJ-20220525_YXQ_stamp_2022_08_30_14_24.ano.eswc,11,63,2148.26,83.2054,62.4456,1.1086
00731_P005_T01-S011_MFG_R0509_LJ-20220525_YXQ_stamp_2022_08_18_14_07.ano.eswc,9,73,2133.64,82.4068,70.3291,1.06229
00732_P005_T01-S011_MFG_R0509_LJ-20220525_YXQ_stamp_2022_08_18_14_08.ano.eswc,11,75,2214.78,71.5275,57.6212,1.11044
00733_P005_T01-S011_MFG_R0509_LJ-20220525_YXQ_stamp_2022_08_18_14_09.ano.eswc,9,72,2123.85,80.61,61.6507,1.08311
00734_P005_T01-S011_MFG_R0509_LJ-20220525_YXQ_stamp_2022_08_18_15_33.ano.eswc,9,97,2774.05,67.534,61.023,1.06012
00735_P005_T01-S011_MFG_R0509_LJ-20220525_YXQ_stamp_2022_08_18_16_37.ano.eswc,7,79,2669.36,75.5027,64.3091,1.1321
00736_P005_T01-S011_MFG_R0509_LJ-20220525_YXQ_stamp_2022_08_18_17_18.ano.eswc,9,77,2382.51,81.9755,61.2892,1.12074
00738_P005_T01-S011_MFG_R0509_LJ-20220525_YXQ_stamp_2022_08_09_15_53.ano.eswc,10,92,3177.45,72.206,58.8489,1.13951
00740_P005_T01-S011_MFG_R0678_LJ-20220525_YXQ_stamp_2022_08_19_10_39.ano.eswc,12,121,4248.04,85.2536,63.3401,1.11592
00744_P005_T01-S011_MFG_R0509_LJ-20220525_XJ_stamp_2022_08_09_16_42.ano.eswc,10,106,3780.6,72.7314,50.6438,1.11286
00745_P005_T01-S011_MFG_R0509_LJ-20220525_XJ_stamp_2022_08_19_14_18.ano.eswc,12,74,2209.53,79.5719,69.7466,1.05594
00746_P005_T01-S011_MFG_R0509_LJ-20220525_XJ_stamp_2022_08_09_17_20.ano.eswc,8,104,2394.57,84.8538,64.284,1.0981
00747_P005_T01-S011_MFG_R0509_LJ-20220525_XJ_stamp_2022_08_19_14_20.ano.eswc,10,100,3371.15,84.7379,66.2828,1.14371
00748_P005_T01-S011_MFG_R0509_LJ-20220525_XJ_stamp_2022_08_19_14_20.ano.eswc,8,68,2062.62,90.5043,70.0782,1.13948
00749_P005_T01-S011_MFG_R0678_LJ-20220525_XJ_stamp_2022_08_19_16_02.ano.eswc,10,126,4031.63,75.6604,60.0349,1.14986
00750_P005_T01-S011_MFG_R0678_LJ-20220525_XJ_stamp_2022_08_19_16_42.ano.eswc,12,96,3393.8,72.8473,62.695,1.1442
00751_P005_T01-S011_MFG_R0678_LJ-20220525_XJ_stamp_2022_08_26_17_09.ano.eswc,13,123,4203.71,86.2999,55.4242,1.13134
00754_P005_T01-S014_MFG_R0509_LJ-20220525_XJ_stamp_2022_08_22_11_12.ano.eswc,11,91,3302.17,88.8861,55.761,1.11135
00755_P005_T01-S014_MFG_R0509_LJ-20220525_XJ_stamp_2022_08_22_11_13.ano.eswc,10,95,3442.64,85.1042,68.5587,1.1058
00756_P005_T01-S014_MFG_R0509_LJ-20220525_XJ_stamp_2022_08_22_13_54.ano.eswc,9,81,2711.51,85.4738,61.0489,1.12237
00757_P005_T01-S014_MFG_R0678_LJ-20220525_XJ_stamp_2022_08_12_15_02.ano.eswc,13,133,6386.52,80.3551,56.067,1.13484
00760_P005_T01-S014_MFG_R0678_LJ-20220525_XJ_stamp_2022_08_22_13_55.ano.eswc,9,112,4723.67,78.6384,59.9991,1.07532
00763_P005_T01-S014_MFG_R0509_LJ-20220525_YXQ_stamp_2022_08_22_15_43.ano.eswc,8,82,2691.89,80.8613,65.2191,1.09747
00765_P005_T01-S014_MFG_R0509_LJ-20220525_YXQ_stamp_2022_08_22_15_44.ano.eswc,9,110,4006.9,86.417,59.3567,1.12596
00766_P005_T01-S014_MFG_R0509_LJ-20220525_YXQ_stamp_2022_08_23_10_08.ano.eswc,7,91,3587.91,84.7768,68.0234,1.17886
00767_P005_T01-S014_MFG_R0509_LJ-20220525_YXQ_stamp_2022_08_31_15_01.ano.eswc,18,116,4975.2,74.6272,58.935,1.14827
00768_P005_T01-S014_MFG_R0509_LJ-20220525_YXQ_stamp_2022_08_26_17_09.ano.eswc,12,100,3478.49,82.5329,61.8002,1.14673
00769_P005_T01-S014_MFG_R0509_LJ-20220525_YXQ_stamp_2022_08_23_17_23.ano.eswc,11,91,2736.16,84.4059,72.5031,1.13003
00770_P005_T01-S014_MFG_R0678_LJ-20220525_LJ_stamp_2022_08_12_16_00.ano.eswc,8,108,3568.62,74.1475,53.6896,1.1011
00771_P005_T01-S014_MFG_R0509_LJ-20220525_LJ_stamp_2022_08_12_16_45.ano.eswc,9,107,4148.77,86.4794,57.0577,1.15137
00774_P005_T01-S014_MFG_R0678_LJ-20220525_LJ_stamp_2022_08_26_17_10.ano.eswc,12,110,5846.04,77.6866,64.943,1.1093
00775_P005_T01-S014_MFG_R0509_LJ-20220525_LJ_stamp_2022_08_08_16_44.ano.eswc,10,86,3028.68,87.7655,67.4016,1.11225
00776_P005_T01-S014_MFG_R0509_LJ-20220525_LJ_stamp_2022_08_09_16_35.ano.eswc,10,76,3064.41,86.1951,68.7551,1.11667
00778_P005_T01-S014_MFG_R0509_LJ-20220525_LJ_stamp_2022_08_24_14_23.ano.eswc,8,74,2006.25,72.0534,67.2178,1.0577
00779_P006_T01-S011_STG_R0509_LJ-20220530_LJ_stamp_2022_08_31_14_38.ano.eswc,9,99,3560.44,94.6855,59.3646,1.1502
00780_P006_T01-S011_STG_R0509_LJ-20220530_LJ_stamp_2022_08_09_16_35.ano.eswc,8,60,1894.2,80.2544,64.6992,1.05657
00784_P006_T01-S011_STG_R0509_LJ-20220530_LJ_stamp_2022_08_09_16_36.ano.eswc,10,75,3070.71,90.0227,59.3575,1.11178
00785_P006_T01-S011_STG_R0509_LJ-20220530_LJ_stamp_2022_08_08_16_44.ano.eswc,9,71,2145.24,73.5752,62.6765,1.04745
00786_P006_T01-S011_STG_R0509_LJ-20220530_LJ_stamp_2022_08_08_16_45.ano.eswc,13,57,2072.44,68.8347,57.2904,1.08006
00787_P006_T01-S011_STG_R0509_LJ-20220530_LJ_stamp_2022_08_09_16_36.ano.eswc,8,81,2528.61,76.6225,57.1164,1.0902
00788_P006_T01-S011_STG_R0509_LJ-20220530_LJ_stamp_2022_08_10_17_02.ano.eswc,11,91,3713.53,89.2435,63.6187,1.10743
00789_P006_T01-S011_STG_R0509_LJ-20220530_YXQ_stamp_2022_08_10_17_02.ano.eswc,10,84,2190.4,85.9477,58.3619,1.0584
00792_P006_T01-S011_STG_R0678_LJ-20220530_YXQ_stamp_2022_08_24_15_55.ano.eswc,9,93,3360,76.1942,57.0718,1.07959
00793_P006_T01-S011_STG_R0509_LJ-20220530_YXQ_stamp_2022_08_24_16_58.ano.eswc,10,88,2325.98,85.1908,59.6173,1.08119
00798_P006_T01-S011_STG_R0509_LJ-20220530_XJ_stamp_2022_08_24_17_18.ano.eswc,14,92,2903.52,70.1969,55.9792,1.0829
00802_P006_T01-S011_STG_R0509_LJ-20220530_XJ_stamp_2022_08_23_16_23.ano.eswc,7,62,1875.18,84.6213,64.7985,1.09098
00812_P005_T01-S012_MFG_R0509_LJ-20220525_XJ_stamp_2022_08_26_17_11.ano.eswc,9,83,2357.38,70.2759,58.1155,1.1193
00814_P005_T01-S012_MFG_R0509_LJ-20220525_XJ_stamp_2022_08_22_14_05.ano.eswc,11,59,1599.42,85.3126,60.0686,1.05794
00818_P005_T01-S012_MFG_R0509_LJ-20220525_XJ_stamp_2022_08_26_17_11.ano.eswc,14,120,3592.8,73.8138,60.8787,1.15425
00827_P006_T01-S018_STG_R0509_LJ-20220530_YXQ_stamp_2022_08_22_15_06.ano.eswc,9,70,2037.17,65.9463,60.1762,1.06318
00830_P010_T01-S013_TP_R0509_LJ-20220607_XJ_stamp_2022_08_25_17_03.ano.eswc,8,80,2101,85.7833,59.6652,1.09634
00831_P010_T01-S013_TP_R0509_LJ-20220607_XJ_stamp_2022_08_12_17_11.ano.eswc,9,84,2639.96,77.7091,63.8858,1.08512
00832_P010_T01-S013_TP_R0509_LJ-20220607_XJ_stamp_2022_08_25_17_04.ano.eswc,11,83,2408.31,83.0111,59.0375,1.07633
00836_P010_T01-S013_TP_R0509_LJ-20220607_XJ_stamp_2022_08_25_17_05.ano.eswc,13,75,2105.11,79.7522,58.309,1.13198
00837_P010_T01-S013_TP_R0509_LJ-20220607_XJ_stamp_2022_08_25_17_05.ano.eswc,8,86,2890.21,87.5595,63.6353,1.09237
00838_P010_T01-S013_TP_R0509_LJ-20220607_XJ_stamp_2022_08_25_17_06.ano.eswc,10,110,3254.29,83.8251,61.7493,1.1271
00839_P010_T01-S013_TP_R0509_LJ-20220607_XJ_stamp_2022_08_25_17_07.ano.eswc,11,89,2782.74,80.6034,60.6267,1.11118
00840_P010_T01-S013_TP_R0509_LJ-20220607_XJ_stamp_2022_08_25_17_07.ano.eswc,10,88,1812.07,84.457,59.7859,1.08038
00841_P010_T01-S013_TP_R0509_LJ-20220607_XJ_stamp_2022_08_26_17_12.ano.eswc,8,102,2861.87,82.8823,63.1276,1.11834
00842_P010_T01-S013_TP_R0509_LJ-20220607_XJ_stamp_2022_08_26_17_12.ano.eswc,10,112,2888.13,73.4669,61.8947,1.10401
00844_P010_T01-S013_TP_R0509_LJ-20220607_LJ_stamp_2022_08_26_17_13.ano.eswc,6,66,1920.62,68.1127,53.4276,1.06842
00845_P010_T01-S013_TP_R0509_LJ-20220607_LJ_stamp_2022_08_26_12_40.ano.eswc,8,80,2771.14,91.151,62.2054,1.09581
00846_P010_T01-S013_TP_R0509_LJ-20220607_LJ_stamp_2022_08_26_12_40.ano.eswc,8,108,2754.2,82.3339,66.3734,1.10912
00847_P010_T01-S013_TP_R0509_LJ-20220607_LJ_stamp_2022_08_19_09_52.ano.eswc,8,92,2535.4,78.993,59.236,1.07334
00848_P010_T01-S008_TP_R0509_LJ-20220607_YXQ_stamp_2022_08_26_12_46.ano.eswc,9,83,1999.06,82.4386,66.1022,1.05486
00849_P010_T01-S008_TP_R0678_LJ-20220607_YXQ_stamp_2022_08_26_12_51.ano.eswc,9,125,4019.51,84.725,60.4077,1.12752
00850_P010_T01-S008_TP_R0509_LJ-20220607_YXQ_stamp_2022_07_28_10_27.ano.eswc,9,101,2850.41,73.1032,56.3696,1.11952
00851_P010_T01-S008_TP_R0509_LJ-20220607_YXQ_stamp_2022_07_28_11_01.ano.eswc,10,76,2364.3,81.5247,65.2651,1.08101
00852_P010_T01-S008_TP_R0678_LJ-20220607_YXQ_stamp_2022_07_05_17_12.ano.eswc,9,115,4842.9,77.1019,56.5796,1.0892
00854_P010_T01-S008_TP_R0678_LJ-20220607_YXQ_stamp_2022_07_25_17_19.ano.eswc,8,97,3043.86,71.9319,53.3955,1.09517
00855_P010_T01-S008_TP_R0678_LJ-20220607_YXQ_stamp_2022_07_25_17_21.ano.eswc,10,169,4948.55,77.1731,60.06,1.12655
00856_P010_T01-S008_TP_R0678_LJ-20220607_YXQ_stamp_2022_07_25_17_24.ano.eswc,13,107,3686.95,77.7828,58.1362,1.14961
00857_P010_T01-S008_TP_R0509_LJ-20220607_YXQ_stamp_2022_07_28_14_20.ano.eswc,15,115,3289.38,80.8503,63.8833,1.18828
00862_P010_T01-S008_TP_R0509_LJ-20220607_LJ_stamp_2022_07_28_14_23.ano.eswc,6,78,2159.37,72.3292,52.2981,1.0709
00864_P010_T01-S010_TP_R0509_LJ-20220607_LJ_stamp_2022_07_28_15_40.ano.eswc,8,98,2721.67,79.835,55.9935,1.10468
00865_P010_T01-S010_TP_R0509_LJ-20220607_LJ_stamp_2022_07_25_17_21.ano.eswc,9,95,3160.58,79.6134,50.247,1.13155
00866_P010_T01-S010_TP_R0509_LJ-20220607_LJ_stamp_2022_07_28_16_30.ano.eswc,9,89,2451.8,82.7594,63.4104,1.06455
00867_P010_T01-S010_TP_R0509_LJ-20220607_LJ_stamp_2022_07_28_16_58.ano.eswc,7,79,2108.16,68.0837,54.6408,1.0466
00869_P010_T01-S010_TP_R0509_LJ-20220607_LJ_stamp_2022_07_25_17_22.ano.eswc,9,114,2809.85,83.0158,67.9654,1.06929
00870_P010_T01-S012_TP_R0509_LJ-20220607_LJ_stamp_2022_07_27_16_44.ano.eswc,8,98,2376.44,99.1465,71.1941,1.09929
00871_P010_T01-S012_TP_R0678_LJ-20220607_LJ_stamp_2022_07_27_16_45.ano.eswc,10,118,4079.85,85.739,62.2817,1.14596
00872_P010_T01-S012_TP_R0509_LJ-20220607_LJ_stamp_2022_07_28_16_37.ano.eswc,15,137,3539.77,82.3199,63.916,1.17327
00873_P010_T01-S012_TP_R0509_LJ-20220607_LJ_stamp_2022_07_28_16_38.ano.eswc,15,67,2610.69,74.2559,54.9745,1.12731
00874_P010_T01-S012_TP_R0678_LJ-20220607_LJ_stamp_2022_07_28_16_38.ano.eswc,9,124,4403.66,82.0674,60.6476,1.1463
00875_P010_T01-S012_TP_R0509_LJ-20220607_LJ_stamp_2022_07_28_16_38.ano.eswc,9,107,3402.57,79.5443,63.8945,1.09947
00876_P010_T01-S012_TP_R0509_LJ-20220607_LJ_stamp_2022_08_10_17_03.ano.eswc,13,109,3065.79,87.0311,61.8897,1.06198
00877_P010_T01-S012_TP_R0509_LJ-20220607_LJ_stamp_2022_08_10_17_03.ano.eswc,11,87,3613,88.5148,55.1823,1.09713
00878_P010_T01-S012_TP_R0678_LJ-20220607_LJ_stamp_2022_08_10_17_04.ano.eswc,8,129,4623.7,84.8993,61.4767,1.10245
00879_P010_T01-S012_TP_R0509_LJ-20220607_LJ_stamp_2022_08_10_17_04.ano.eswc,9,99,3454.3,86.0397,57.9292,1.10044
00880_P010_T01-S012_TP_R0678_LJ-20220607_LJ_stamp_2022_08_10_17_04.ano.eswc,6,106,4665.76,86.1828,61.7885,1.11203
00881_P010_T01-S012_TP_R0678_LJ-20220607_LJ_stamp_2022_08_10_17_05.ano.eswc,7,151,5749.01,91.2393,62.2471,1.11829
00882_P010_T01-S012_TP_R0678_LJ-20220607_LJ_stamp_2022_08_11_16_34.ano.eswc,12,138,6677.75,74.6186,55.3739,1.10691
00883_P010_T01-S012_TP_R0678_LJ-20220607_XJ_stamp_2022_08_11_16_35.ano.eswc,6,137,5547.99,78.6775,58.9304,1.10705
00884_P010_T01-S012_TP_R0509_LJ-20220607_XJ_stamp_2022_08_11_16_35.ano.eswc,7,100,2473.28,83.2864,62.3032,1.13334
00885_P010_T01-S012_TP_R0509_LJ-20220607_XJ_stamp_2022_08_11_16_35.ano.eswc,7,124,3299.18,90.7328,62.876,1.14608
00887_P010_T01-S012_TP_R0678_LJ-20220607_XJ_stamp_2022_08_31_14_18.ano.eswc,15,191,9267.23,77.3494,60.1871,1.15872
00888_P010_T01-S012_TP_R0678_LJ-20220607_XJ_stamp_2022_08_11_16_36.ano.eswc,11,107,3825.98,84.1224,64.9183,1.11828
00889_P010_T01-S012_TP_R0678_LJ-20220607_XJ_stamp_2022_08_11_16_36.ano.eswc,9,111,4608.52,87.7192,53.6428,1.09951
00890_P010_T01-S012_TP_R0509_LJ-20220607_XJ_stamp_2022_08_11_16_36.ano.eswc,13,131,4634.62,86.1092,60.417,1.13638
00891_P010_T01-S012_TP_R0678_LJ-20220607_XJ_stamp_2022_08_18_09_01.ano.eswc,8,156,6180.41,84.5279,57.5549,1.11716
00892_P010_T01-S012_TP_R0678_LJ-20220607_XJ_stamp_2022_08_18_09_01.ano.eswc,14,144,4585.95,84.5105,62.5515,1.13011
00893_P010_T01-S012_TP_R0509_LJ-20220607_XJ_stamp_2022_08_18_09_02.ano.eswc,9,73,2182.72,89.5142,68.7224,1.10924
00894_P010_T01-S012_TP_R0509_LJ-20220607_XJ_stamp_2022_08_18_09_02.ano.eswc,9,79,2538.01,86.7503,71.4855,1.08854
00895_P010_T01-S012_TP_R0509_LJ-20220607_YXQ_stamp_2022_08_18_09_04.ano.eswc,9,76,3217.63,84.641,56.3561,1.11533
00896_P010_T01-S012_TP_R0678_LJ-20220607_YXQ_stamp_2022_08_18_09_04.ano.eswc,9,119,4500.06,84.7435,59.668,1.10693
00897_P010_T01-S012_TP_R0678_LJ-20220607_YXQ_stamp_2022_08_18_09_05.ano.eswc,12,130,4788.45,76.0314,58.5945,1.11348
00898_P010_T01-S012_TP_R0678_LJ-20220607_YXQ_stamp_2022_08_18_09_05.ano.eswc,11,67,2792.46,75.8731,64.2816,1.08505
00899_P010_T01-S012_TP_R0678_LJ-20220607_YXQ_stamp_2022_06_29_17_13.ano.eswc,9,115,4974.53,69.7231,61.5234,1.10893
00901_P010_T01-S012_TP_R0509_LJ-20220607_YXQ_stamp_2022_08_18_09_06.ano.eswc,10,77,2452.64,80.1734,60.5309,1.05831
00902_P010_T01-S012_TP_R0509_LJ-20220607_YXQ_stamp_2022_06_29_17_17.ano.eswc,13,95,3720,75.0709,60.4337,1.14376
00903_P010_T01-S012_TP_R0509_LJ-20220607_YXQ_stamp_2022_08_18_09_06.ano.eswc,7,83,2875.3,76.8544,62.3585,1.05541
00904_P011_T01-S001_STG-AP_R1018_WY-20220610_XJ_stamp_2022_08_18_09_07.ano.eswc,9,138,3311.48,72.5993,44.0304,1.84767
00905_P011_T01-S001_STG-AP_R1018_WY-20220610_XJ_stamp_2022_08_18_09_07.ano.eswc,14,117,3161.91,67.2574,51.448,1.65411
00906_P011_T01-S001_STG-AP_R1018_WY-20220610_XJ_stamp_2022_08_18_09_08.ano.eswc,14,110,3333.22,77.2126,53.2468,1.65419
00907_P011_T01-S001_STG-AP_R0678_WY-20220610_XJ_stamp_2022_08_18_09_08.ano.eswc,9,123,5784.29,84.6205,56.6578,1.08413
00908_P011_T01-S001_STG-AP_R0678_WY-20220610_XJ_stamp_2022_08_18_09_08.ano.eswc,11,166,6867.3,76.7218,59.1192,1.10159
00909_P011_T01-S001_STG-AP_R1018_WY-20220610_YXQ_stamp_2022_08_18_09_09.ano.eswc,11,126,2885.43,85.9776,58.467,1.64023
00910_P011_T01-S001_STG-AP_R0678_WY-20220610_YXQ_stamp_2022_08_18_09_09.ano.eswc,8,94,4732.81,87.271,63.9572,1.09728
00911_P011_T01-S001_STG-AP_R1018_WY-20220610_YXQ_stamp_2022_08_18_09_10.ano.eswc,11,83,2814.25,92.0701,63.2875,1.62377
00912_P011_T01-S001_STG-AP_R1018_WY-20220610_LJ_stamp_2022_08_18_09_10.ano.eswc,17,114,3550.88,101.819,65.847,1.65637
00913_P011_T01-S001_STG-AP_R1018_WY-20220610_LJ_stamp_2022_08_31_14_43.ano.eswc,18,110,3058.01,93.2189,69.8361,1.83431
00914_P011_T01-S001_STG-AP_R0678_WY-20220610_LJ_stamp_2022_08_18_09_11.ano.eswc,18,68,3957.02,90.6541,61.8525,1.11536
00915_P011_T01-S001_STG-AP_R0509_WY-20220610_LJ_stamp_2022_08_18_09_11.ano.eswc,9,37,1772.7,87.5938,66.9719,1.1304
00917_P010_T01-S007_TP_R0509_LJ-20220607_LJ_stamp_2022_08_18_09_12.ano.eswc,11,69,2181.24,78.6402,63.9632,1.12204
00919_P010_T01-S007_TP_R0678_LJ-20220607_LJ_stamp_2022_08_18_16_55.ano.eswc,9,102,3705.17,82.0784,63.5903,1.09902
00920_P010_T01-S007_TP_R0678_LJ-20220607_LJ_stamp_2022_08_18_16_55.ano.eswc,11,69,2884.02,80.072,64.9704,1.0909
00921_P010_T01-S007_TP_R0509_LJ-20220607_LJ_stamp_2022_08_18_16_56.ano.eswc,9,69,2052.74,91.5289,63.5867,1.11169
00922_P010_T01-S007_TP_R0509_LJ-20220607_LJ_stamp_2022_08_18_16_56.ano.eswc,12,90,3194.65,88.3333,62.9166,1.1304
00923_P010_T01-S007_TP_R0509_LJ-20220607_LJ_stamp_2022_08_18_16_56.ano.eswc,9,78,2283.78,75.4038,67.189,1.10342
00924_P010_T01-S007_TP_R0678_LJ-20220607_LJ_stamp_2022_08_18_16_57.ano.eswc,9,101,3280.89,84.192,68.7054,1.07795
00930_P009_T01-S026_SFG_R0509_LJ-20220603_XJ_stamp_2022_08_18_16_57.ano.eswc,11,65,2197.53,91.8009,68.426,1.09372
00931_P009_T01-S026_SFG_R0678_LJ-20220603_XJ_stamp_2022_08_31_14_44.ano.eswc,7,113,3533.83,76.7163,58.3037,1.09651
00932_P009_T01-S026_SFG_R0509_LJ-20220603_XJ_stamp_2022_08_18_16_58.ano.eswc,12,70,1961.06,83.0899,58.3657,1.06586
00934_P009_T01-S026_SFG_R0678_LJ-20220603_XJ_stamp_2022_08_19_17_02.ano.eswc,9,83,2177.67,75.9136,66.8972,1.12864
00939_P008_T01-S007_SPL_R0460_LJ-20220607_YXQ_stamp_2022_06_29_17_17.ano.eswc,10,80,1614.99,82.8709,61.778,1.07001
00940_P008_T08-S022_SPL_R0460_YXQ-20220615_YXQ_stamp_2022_06_29_17_19.ano.eswc,7,65,1332.17,72.2208,55.9838,1.07741
00942_P010_T01-S018_TP_R0460_LJ-20220607_LJ_stamp_2022_08_19_17_02.ano.eswc,10,103,2525.19,85.0267,65.5623,1.0874
00946_P010_T01-S018_TP_R0460_LJ-20220607_LJ_stamp_2022_08_31_14_46.ano.eswc,11,95,2751.81,82.103,56.1311,1.05694
00948_P010_T01-S018_TP_R0460_LJ-20220607_LJ_stamp_2022_08_19_17_03.ano.eswc,8,84,2397.89,77.395,57.4237,1.13554
00949_P010_T01-S018_TP_R0613_LJ-20220607_LJ_stamp_2022_08_19_17_04.ano.eswc,9,97,3547.42,77.9884,60.054,1.13499
00950_P010_T01-S018_TP_R0460_LJ-20220607_LJ_stamp_2022_08_19_17_04.ano.eswc,9,88,2302.71,69.8398,53.3243,1.12644
00952_P010_T01-S018_TP_R0460_LJ-20220607_LJ_stamp_2022_08_19_17_05.ano.eswc,9,92,2939.47,80.3877,57.8655,1.13863
00953_P010_T01-S018_TP_R0613_LJ-20220607_YXQ_stamp_2022_08_19_17_05.ano.eswc,8,104,3001.7,79.211,59.4085,1.14078
00954_P010_T01-S018_TP_R0460_LJ-20220607_YXQ_stamp_2022_08_25_08_58.ano.eswc,9,93,2848.26,79.2562,59.9459,1.06465
00955_P010_T01-S018_TP_R0460_LJ-20220607_YXQ_stamp_2022_08_25_08_59.ano.eswc,8,70,2289.82,89.3408,67.6933,1.04913
00956_P010_T01-S018_TP_R0460_LJ-20220607_YXQ_stamp_2022_08_25_08_59.ano.eswc,9,69,2157.2,86.9849,60.4856,1.13144
00959_P011_T01-S002_STG-AP_R0460_WY-20220610_XJ_stamp_2022_08_25_09_00.ano.eswc,7,59,1974.24,86.3894,69.8564,1.04238
00960_P011_T01-S002_STG-AP_R0460_WY-20220610_XJ_stamp_2022_08_25_09_06.ano.eswc,6,60,1565.4,89.2219,64.1365,1.0864
00962_P011_T01-S002_STG-AP_R0460_WY-20220610_XJ_stamp_2022_08_25_20_17.ano.eswc,8,80,1828.87,68.1237,57.3531,1.09323
00963_P011_T01-S002_STG-AP_R0460_WY-20220610_XJ_stamp_2022_08_25_20_29.ano.eswc,7,75,2106.98,65.3222,52.8382,1.09272
00965_P011_T01-S002_STG-AP_R0613_WY-20220610_YXQ_stamp_2022_08_24_15_14.ano.eswc,9,71,2415.18,69.4543,52.3541,1.09095
00966_P011_T01-S002_STG-AP_R0613_WY-20220610_YXQ_stamp_2022_08_24_15_39.ano.eswc,6,83,2676.39,64.4987,58.0791,1.06512
00968_P011_T01-S002_STG-AP_R0460_WY-20220610_YXQ_stamp_2022_08_27_19_32.ano.eswc,7,87,2408.86,60.6563,53.2676,1.02402
00969_P011_T01-S002_STG-AP_R0613_WY-20220610_YXQ_stamp_2022_08_31_15_06.ano.eswc,7,95,2488.74,57.8973,45.3574,1.11467
00971_P011_T01-S002_STG-AP_R0613_WY-20220610_YXQ_stamp_2022_08_27_19_50.ano.eswc,5,73,2167.42,67.8158,61.5281,1.09228
00972_P011_T01-S002_STG-AP_R0613_WY-20220610_YXQ_stamp_2022_08_31_14_57.ano.eswc,5,81,2597.16,64.1108,61.2239,1.09233
00973_P011_T01-S002_STG-AP_R0919_WY-20220610_LJ_stamp_2022_08_25_10_29.ano.eswc,6,197,6422.12,52.6379,47.3511,1.07118
00974_P011_T01-S002_STG-AP_R0613_WY-20220610_LJ_stamp_2022_08_24_16_33.ano.eswc,8,175,4888.33,61.2764,59.9515,1.08672
00976_P011_T01-S002_STG-AP_R0919_WY-20220610_LJ_stamp_2022_08_24_16_54.ano.eswc,7,144,5533.95,57.1994,51.8641,1.07935
00979_P010_T01-S017_TP_R0460_LJ-20220607_XJ_stamp_2022_08_25_09_11.ano.eswc,11,60,1985.77,79.2913,56.4088,1.05269
00982_P010_T01-S017_TP_R0613_LJ-20220607_XJ_stamp_2022_08_25_09_11.ano.eswc,11,107,3727.84,82.1139,61.3769,1.10012
00988_P010_T01-S019_TP_R0678_LJ-20220607_YXQ_stamp_2022_08_25_09_07.ano.eswc,12,92,3720.17,82.29,67.4254,1.08949
00989_P010_T01-S019_TP_R0509_LJ-20220607_YXQ_stamp_2022_08_25_09_07.ano.eswc,13,59,3185.89,91.1667,75.6037,1.13145
00990_P010_T01-S019_TP_R0509_LJ-20220607_YXQ_stamp_2022_08_25_09_08.ano.eswc,7,67,2017.77,81.5089,61.6228,1.08496
00991_P010_T01-S019_TP_R0509_LJ-20220607_LJ_stamp_2022_08_25_09_08.ano.eswc,9,81,2034.32,88.9308,67.5221,1.06835
00993_P010_T01-S019_TP_R0509_LJ-20220607_LJ_stamp_2022_08_25_09_08.ano.eswc,8,86,2331.17,86.712,64.4584,1.09625
00996_P010_T01-S019_TP_R0509_LJ-20220607_XJ_stamp_2022_08_25_09_09.ano.eswc,16,96,3138.37,82.9795,59.0104,1.14879
00997_P010_T01-S019_TP_R0509_LJ-20220607_XJ_stamp_2022_08_25_09_09.ano.eswc,10,80,2603.99,83.4112,58.6575,1.11834
00998_P010_T01-S019_TP_R0678_LJ-20220607_XJ_stamp_2022_08_25_09_09.ano.eswc,9,87,3645.8,68.0087,47.9336,1.10907
00999_P010_T01-S019_TP_R0509_LJ-20220607_XJ_stamp_2022_08_25_09_10.ano.eswc,8,86,2557.57,77.0634,56.465,1.12434
01010_P008_T08-S036_SPL_R0460_YXQ-20220615_LJ_stamp_2022_06_29_17_20.ano.eswc,7,99,2403.18,86.7155,68.1698,1.09911
01015_P008_T02-S019_SPL_R0460_LJ-20220621_XJ_stamp_2022_06_30_09_57.ano.eswc,14,104,2767.81,70.3282,59.9086,1.07497
01038_P010_T01-S020_TP_R0460_LJ-20220607_LJ_stamp_2022_08_22_13_28.ano.eswc,6,34,785.918,70.7722,61.2871,1.08383
01041_P010_T01-S023_TP_R0613_LJ-20220607_LJ_stamp_2022_08_22_15_20.ano.eswc,5,75,2182.08,85.4667,57.2298,1.05934
01046_P008_T02-S016_SPL_R0460_LJ-20220621_YXQ_stamp_2022_08_22_16_23.ano.eswc,9,99,1882.58,75.4765,66.4567,1.14244
01051_P008_T02-S016_SPL_R0460_LJ-20220621_LJ_stamp_2022_08_22_17_24.ano.eswc,8,76,1332.55,77.4227,55.0238,1.05724
01052_P008_T08-S040_SPL_R0460_YXQ-20220615_YXQ_stamp_2022_08_23_11_13.ano.eswc,4,64,1288.05,78.7349,60.5658,1.07656
01053_P008_T08-S040_SPL_R0460_YXQ-20220615_YXQ_stamp_2022_08_23_09_08.ano.eswc,6,58,1205.29,66.4998,66.2512,1.09467
01056_P008_T08-S040_SPL_R0460_YXQ-20220615_YXQ_stamp_2022_08_23_10_29.ano.eswc,8,65,1360.36,71.1127,56.2328,1.07415
01059_P008_T08-S040_SPL_R0460_YXQ-20220615_YXQ_stamp_2022_08_23_11_10.ano.eswc,5,57,1537.3,76.4195,51.9216,1.12018
01062_P013_T02-S016_S(M)FG_R0613_LJ-20220619_XJ_stamp_2022_08_23_11_44.ano.eswc,8,62,2697.42,76.3928,58.3132,1.10555
01065_P008_T08-S037_SPL_R0460_YXQ-20220615_XJ_stamp_2022_08_23_13_17.ano.eswc,4,49,1227.31,80.9985,67.5833,1.05833
01066_P008_T08-S037_SPL_R0460_YXQ-20220615_XJ_stamp_2022_08_23_13_59.ano.eswc,6,55,1319.02,81.2177,64.4109,1.0748
01073_P008_T02-S014_SPL_R0460_LJ-20220621_XJ_stamp_2022_08_30_16_10.ano.eswc,8,49,1368.64,86.571,60.3293,1.04852
01076_P008_T02-S014_SPL_R0460_LJ-20220621_LJ_stamp_2022_08_30_16_23.ano.eswc,7,69,1497.82,83.2066,71.066,1.05684
01087_P008_T02-S015_SPL_R0613_LJ-20220621_XJ_stamp_2022_08_25_09_10.ano.eswc,7,89,3363.11,83.9439,51.4286,1.10161
01098_P008_T02-S012_SPL_R0460_LJ-20220621_YXQ_stamp_2022_08_25_09_10.ano.eswc,7,72,2076.57,75.9351,59.9861,1.07017
01101_P008_T02-S012_SPL_R0460_LJ-20220621_YXQ_stamp_2022_08_31_14_50.ano.eswc,9,79,2556.46,89.963,62.3279,1.05984
01111_P013_T02-S026_S(M)FG_R0460_LJ-20220619_XJ_stamp_2022_08_23_21_14.ano.eswc,12,70,2834.25,85.0586,56.9488,1.05026
01112_P013_T02-S026_S(M)FG_R0613_LJ-20220619_XJ_stamp_2022_08_26_11_45.ano.eswc,8,96,3227.71,72.129,58.8018,1.11182
01113_P013_T02-S026_S(M)FG_R0460_LJ-20220619_XJ_stamp_2022_08_23_22_15.ano.eswc,9,59,1863.6,63.5584,60.568,1.04739
01114_P013_T02-S026_S(M)FG_R0613_LJ-20220619_XJ_stamp_2022_08_23_23_16.ano.eswc,9,85,2999.96,70.2342,57.3429,1.07588
01119_P010_T01-S009_TP_R0613_LJ-20220607_LJ_stamp_2022_08_23_23_57.ano.eswc,7,73,2294.12,76.8895,64.6278,1.07231
01120_P010_T01-S009_TP_R0613_LJ-20220607_LJ_stamp_2022_08_24_14_32.ano.eswc,7,87,2894.81,76.2494,59.4947,1.08095
01121_P010_T01-S009_TP_R0613_LJ-20220607_XJ_stamp_2022_08_31_13_42.ano.eswc,9,111,3394.93,79.345,59.6811,1.10898
01122_P010_T01-S009_TP_R0613_LJ-20220607_XJ_stamp_2022_08_27_23_05.ano.eswc,4,106,2162.83,88.2694,61.7931,1.07889
01124_P010_T01-S009_TP_R0613_LJ-20220607_XJ_stamp_2022_08_24_16_23.ano.eswc,7,159,5670.93,68.4493,55.225,1.11171
01125_P010_T01-S009_TP_R0460_LJ-20220607_XJ_stamp_2022_08_27_20_08.ano.eswc,9,118,2279.73,69.6977,48.6277,1.12867
01126_P010_T01-S009_TP_R0613_LJ-20220607_YXQ_stamp_2022_08_27_20_28.ano.eswc,6,143,3235.72,72.6797,55.8496,1.09079
01127_P010_T01-S009_TP_R0613_LJ-20220607_YXQ_stamp_2022_08_27_20_45.ano.eswc,6,96,2009.64,60.8592,53.0785,1.07328
01128_P010_T01-S009_TP_R0460_LJ-20220607_YXQ_stamp_2022_08_27_21_03.ano.eswc,10,103,2166.29,77.9038,60.0063,1.10471
01130_P010_T01-S009_TP_R0460_LJ-20220607_YXQ_stamp_2022_08_24_17_08.ano.eswc,6,124,2946.38,75.2613,63.2137,1.1103
01131_P010_T01-S009_TP_R0460_LJ-20220607_YXQ_stamp_2022_08_24_18_42.ano.eswc,6,104,2957.75,79.4542,60.5212,1.09417
01132_P010_T01-S009_TP_R0613_LJ-20220607_YXQ_stamp_2022_08_31_15_09.ano.eswc,7,129,4321.53,81.8476,57.9978,1.07597
01133_P010_T01-S009_TP_R0460_LJ-20220607_YXQ_stamp_2022_08_31_14_53.ano.eswc,7,99,1823.32,57.7773,53.2018,1.06917
01134_P010_T01-S009_TP_R0613_LJ-20220607_YXQ_stamp_2022_08_24_19_49.ano.eswc,7,95,2985.8,64.5447,54.6818,1.08008
01135_P010_T01-S009_TP_R0613_LJ-20220607_YXQ_stamp_2022_08_24_20_36.ano.eswc,8,80,3015.48,74.8971,64.2784,1.07542
01136_P010_T01-S009_TP_R0613_LJ-20220607_YXQ_stamp_2022_08_26_11_48.ano.eswc,8,86,3234.33,70.1426,59.7921,1.08449
01137_P010_T01-S009_TP_R0460_LJ-20220607_YXQ_stamp_2022_08_24_21_37.ano.eswc,7,97,2612.41,62.0086,54.7024,1.09753
01139_P010_T01-S009_TP_R0460_LJ-20220607_LJ_stamp_2022_08_24_22_35.ano.eswc,9,73,1579.39,71.7244,56.4322,1.08216
01142_P010_T01-S009_TP_R0460_LJ-20220607_LJ_stamp_2022_08_24_23_11.ano.eswc,8,126,3258.37,79.8934,59.693,1.12164
01143_P010_T01-S009_TP_R0613_LJ-20220607_LJ_stamp_2022_08_31_14_24.ano.eswc,9,121,2954.58,60.0906,52.303,1.09486
01144_P010_T01-S009_TP_R0460_LJ-20220607_LJ_stamp_2022_08_25_13_29.ano.eswc,9,85,2595.33,80.184,54.6266,1.07525
01145_P010_T01-S009_TP_R0613_LJ-20220607_LJ_stamp_2022_08_25_13_52.ano.eswc,5,69,2564.73,69.7908,59.7862,1.11173
01147_P014_T01-S012_MFG_R0460_LJ-20220704_YXQ_stamp_2022_08_27_21_33.ano.eswc,7,85,2085.99,59.1186,51.6352,1.04123
01148_P014_T01-S012_MFG_R0460_LJ-20220704_RJ_stamp_2022_08_25_14_22.ano.eswc,7,94,2782.64,75.6826,57.2861,1.05418
01149_P014_T01-S012_MFG_R0460_LJ-20220704_YXQ_stamp_2022_08_25_15_13.ano.eswc,6,100,2778.91,75.7642,55.0181,1.08258
01151_P014_T01-S012_MFG_R0460_LJ-20220704_YXQ_stamp_2022_08_24_17_20.ano.eswc,10,78,2030.75,57.0468,49.7922,1.06768
01152_P014_T01-S012_MFG_R0460_LJ-20220704_YXQ_stamp_2022_08_25_16_09.ano.eswc,12,78,2419.75,79.3241,53.0821,1.0812
01159_P010_T01-S021_TP_R0613_LJ-20220607_YXQ_stamp_2022_08_31_15_16.ano.eswc,13,107,4492.85,78.65,60.0413,1.12821
01160_P010_T01-S021_TP_R0613_LJ-20220607_YXQ_stamp_2022_08_25_17_40.ano.eswc,8,114,4808.06,72.0151,57.5087,1.10413
01161_P010_T01-S021_TP_R0460_LJ-20220607_YXQ_stamp_2022_08_25_20_23.ano.eswc,10,104,3597.83,66.3838,52.2546,1.06524
01162_P010_T01-S021_TP_R0460_LJ-20220607_YXQ_stamp_2022_08_31_15_03.ano.eswc,10,70,2152.26,81.4713,57.913,1.08153
01167_P010_T01-S021_TP_R0460_LJ-20220607_YXQ_stamp_2022_08_31_14_28.ano.eswc,11,119,2826.56,70.1096,57.3609,1.08297
01168_P010_T01-S021_TP_R0460_LJ-20220607_YXQ_stamp_2022_08_31_13_49.ano.eswc,7,109,2683.9,67.4323,51.6136,1.14304
01169_P010_T01-S021_TP_R0460_LJ-20220607_YXQ_stamp_2022_08_31_14_13.ano.eswc,7,91,2670.28,76.2727,56.8924,1.0513
01171_P010_T01-S021_TP_R0460_LJ-20220607_YXQ_stamp_2022_08_31_13_51.ano.eswc,6,56,2010.21,82.4313,66.7808,1.05198
01173_P010_T01-S021_TP_R0460_LJ-20220607_YXQ_stamp_2022_08_26_00_17.ano.eswc,6,107,2413.32,71.4643,60.0099,1.07399
01174_P010_T01-S021_TP_R0460_LJ-20220607_YXQ_stamp_2022_08_24_19_33.ano.eswc,11,78,2255.28,80.4998,70.4449,1.03686
01175_P010_T01-S021_TP_R0460_LJ-20220607_YXQ_stamp_2022_08_31_15_19.ano.eswc,6,78,2769.49,69.7601,56.386,1.04663
01180_P010_T01-S021_TP_R0613_LJ-20220607_LJ_stamp_2022_08_31_14_55.ano.eswc,6,71,1656.98,49.4634,50.2481,1.11371
01181_P010_T01-S021_TP_R0460_LJ-20220607_LJ_stamp_2022_08_26_13_58.ano.eswc,7,92,1429.41,89.015,67.7006,1.06385
01182_P010_T01-S014_TP_R0460_LJ-20220607_LJ_stamp_2022_08_31_14_32.ano.eswc,12,96,2761.4,85.6065,57.9581,1.08819
01183_P010_T01-S014_TP_R0613_LJ-20220607_LJ_stamp_2022_08_26_15_03.ano.eswc,7,111,2966.07,72.7501,50.0972,1.12812
01185_P010_T01-S014_TP_R0613_LJ-20220607_GYC_stamp_2022_08_31_14_35.ano.eswc,7,99,3807.53,75.6417,57.9268,1.06314
01186_P010_T01-S014_TP_R0460_LJ-20220607_GYC_stamp_2022_08_26_14_06.ano.eswc,7,91,1448.28,71.1014,64.1254,1.06406
01187_P010_T01-S014_TP_R0460_LJ-20220607_GYC_stamp_2022_08_31_14_43.ano.eswc,9,123,3533.86,74.6544,55.6945,1.0585
01188_P010_T01-S014_TP_R0460_LJ-20220607_GYC_stamp_2022_08_31_14_33.ano.eswc,4,112,2095.84,85.31,61.6615,1.06375
01190_P010_T01-S014_TP_R0460_LJ-20220607_GYC_stamp_2022_08_26_14_14.ano.eswc,7,128,2448.18,81.7866,63.3701,1.0559
01191_P010_T01-S014_TP_R0460_LJ-20220607_LJ_stamp_2022_08_31_14_52.ano.eswc,9,59,2058.83,81.0691,57.5723,1.05558
01192_P010_T01-S014_TP_R0613_LJ-20220607_LJ_stamp_2022_08_25_09_21.ano.eswc,8,88,2920.51,80.338,64.4434,1.11439
01195_P010_T01-S015_TP_R0460_LJ-20220607_YXQ_stamp_2022_08_31_14_35.ano.eswc,6,102,1975.42,74.5944,63.0092,1.07297
01197_P010_T01-S015_TP_R0460_LJ-20220607_YXQ_stamp_2022_08_26_14_21.ano.eswc,6,64,1664,73.3061,50.7483,1.04763
01198_P010_T01-S015_TP_R0460_LJ-20220607_YXQ_stamp_2022_08_26_14_23.ano.eswc,6,50,1138.68,69.2394,67.6925,1.07697
01199_P010_T01-S015_TP_R0460_LJ-20220607_YXQ_stamp_2022_08_26_14_26.ano.eswc,5,67,1450.54,77.9174,57.4066,1.05111
01201_P010_T01-S015_TP_R0460_LJ-20220607_YXQ_stamp_2022_08_26_17_07.ano.eswc,9,103,2200.45,78.5767,64.378,1.07741
01202_P010_T01-S015_TP_R0460_LJ-20220607_YXQ_stamp_2022_08_25_09_22.ano.eswc,10,80,2216.81,89.1465,65.645,1.08762
01203_P010_T01-S015_TP_R0460_LJ-20220607_YXQ_stamp_2022_08_26_14_28.ano.eswc,7,70,1466.44,79.4027,57.5045,1.05767
01205_P010_T01-S015_TP_R0460_LJ-20220607_YXQ_stamp_2022_08_31_14_56.ano.eswc,8,92,2234,83.5316,56.9389,1.09117
01206_P010_T01-S015_TP_R0460_LJ-20220607_YXQ_stamp_2022_08_25_09_22.ano.eswc,10,129,3794.71,81.2578,57.9428,1.09938
01209_P010_T01-S015_TP_R0613_LJ-20220607_YXQ_stamp_2022_08_25_09_22.ano.eswc,9,80,3236.25,77.511,65.7319,1.12219
01210_P010_T01-S015_TP_R0613_LJ-20220607_YXQ_stamp_2022_08_26_14_30.ano.eswc,7,109,2882.68,70.1794,53.22,1.08151
01211_P010_T01-S015_TP_R0460_LJ-20220607_YXQ_stamp_2022_08_27_16_01.ano.eswc,6,60,1619.33,74.5773,58.7961,1.0796
01212_P010_T01-S015_TP_R0613_LJ-20220607_YXQ_stamp_2022_08_27_16_48.ano.eswc,7,69,3145.51,64.6731,59.0916,1.09723
01213_P010_T01-S015_TP_R0460_LJ-20220607_LJ_stamp_2022_08_25_09_23.ano.eswc,9,83,2923.4,90.9511,65.7308,1.06003
01219_P010_T01-S015_TP_R0460_LJ-20220607_LJ_stamp_2022_08_26_14_31.ano.eswc,8,110,2643.05,79.5986,61.1897,1.06101
01220_P010_T01-S015_TP_R0460_LJ-20220607_LJ_stamp_2022_08_25_09_23.ano.eswc,9,71,2481.56,97.5164,69.403,1.10449
01221_P010_T01-S015_TP_R0460_LJ-20220607_LJ_stamp_2022_08_26_14_34.ano.eswc,4,55,1464.83,83.8908,62.4462,1.04559
01222_P010_T01-S015_TP_R0460_LJ-20220607_LJ_stamp_2022_08_27_17_07.ano.eswc,7,71,2180.91,79.602,66.141,1.05838
01223_P010_T01-S015_TP_R0460_LJ-20220607_LJ_stamp_2022_08_25_09_23.ano.eswc,11,62,2025.05,91.4046,59.6737,1.09761
01224_P010_T01-S015_TP_R0460_LJ-20220607_LJ_stamp_2022_08_27_17_22.ano.eswc,7,63,1746.6,86.9648,61.2224,1.05814
01225_P010_T01-S015_TP_R0460_LJ-20220607_LJ_stamp_2022_08_25_09_23.ano.eswc,9,84,2295.79,83.8062,59.2813,1.0752
01226_P010_T01-S015_TP_R0460_LJ-20220607_LJ_stamp_2022_08_25_09_24.ano.eswc,9,95,2816.96,84.0876,57.0283,1.07676
01228_P014_T01-S028_MFG_R0613_LJ-20220704_LJ_stamp_2022_08_25_09_24.ano.eswc,11,89,3187.76,83.153,60.9855,1.11695
01229_P014_T01-S028_MFG_R0613_LJ-20220704_LJ_stamp_2022_08_26_17_46.ano.eswc,12,101,3698.85,79.3208,62.6697,1.15288
01232_P014_T01-S028_MFG_R0613_LJ-20220704_LJ_stamp_2022_08_26_14_36.ano.eswc,6,81,2360.51,78.8078,63.4153,1.10832
01234_P014_T01-S028_MFG_R0613_LJ-20220704_LJ_stamp_2022_08_26_18_18.ano.eswc,9,97,2719.98,78.9971,58.0041,1.12077
01238_P014_T01-S028_MFG_R0460_LJ-20220704_YXQ_stamp_2022_08_26_20_40.ano.eswc,5,79,2160.27,79.8908,55.5269,1.16642
01244_P010_T01-S016_TP_R0460_LJ-20220607_YXQ_stamp_2022_08_31_14_46.ano.eswc,7,67,2159.55,80.6582,58.2557,1.0801
01246_P010_T01-S016_TP_R0460_LJ-20220607_YXQ_stamp_2022_08_26_21_24.ano.eswc,8,86,2393.83,74.8444,62.5552,1.09414
01247_P010_T01-S016_TP_R0460_LJ-20220607_YXQ_stamp_2022_08_26_21_46.ano.eswc,8,76,2157.11,77.3278,56.7806,1.10435
01248_P010_T01-S016_TP_R0460_LJ-20220607_YXQ_stamp_2022_08_26_14_38.ano.eswc,5,75,1720.66,77.3825,59.5915,1.07653
01250_P010_T01-S016_TP_R0460_LJ-20220607_YXQ_stamp_2022_08_25_09_24.ano.eswc,10,76,3018.43,86.4342,60.7445,1.10129
01251_P010_T01-S016_TP_R0460_LJ-20220607_YXQ_stamp_2022_08_26_14_40.ano.eswc,6,91,2140.35,69.0622,56.9629,1.04568
01253_P010_T01-S016_TP_R0460_LJ-20220607_YXQ_stamp_2022_08_25_09_24.ano.eswc,8,74,2508.31,90.4472,68.0416,1.10999
01255_P010_T01-S016_TP_R0460_LJ-20220607_YXQ_stamp_2022_08_26_22_02.ano.eswc,7,57,1752.77,70.5597,63.3254,1.04811
01256_P010_T01-S016_TP_R0460_LJ-20220607_YXQ_stamp_2022_08_31_14_39.ano.eswc,6,113,2309.07,88.6951,65.4642,1.09844
01257_P010_T01-S016_TP_R0460_LJ-20220607_YXQ_stamp_2022_08_26_14_46.ano.eswc,5,85,1927.13,89.1881,64.0812,1.04883
01260_P010_T01-S016_TP_R0613_LJ-20220607_LJ_stamp_2022_08_26_14_47.ano.eswc,5,117,3073.07,75.6253,54.5397,1.10545
01261_P010_T01-S016_TP_R0460_LJ-20220607_LJ_stamp_2022_08_25_09_24.ano.eswc,9,77,2406,86.449,64.6958,1.1273
01262_P010_T01-S016_TP_R0460_LJ-20220607_LJ_stamp_2022_08_26_14_48.ano.eswc,5,121,2506.53,71.2788,55.8957,1.04673
01263_P010_T01-S016_TP_R0460_LJ-20220607_LJ_stamp_2022_08_25_09_25.ano.eswc,11,99,2569.93,84.5462,60.7385,1.07783
01268_P010_T01-S016_TP_R0613_LJ-20220607_LJ_stamp_2022_08_26_14_49.ano.eswc,6,102,2882.15,83.5952,62.295,1.08226
01269_P014_T01-S013_MFG_R0460_LJ-20220704_RJ_stamp_2022_07_21_17_05.ano.eswc,8,78,2179.54,88.75,66.6477,1.11812
01270_P014_T01-S013_MFG_R0460_LJ-20220704_RJ_stamp_2022_07_21_17_12.ano.eswc,7,91,2509.12,74.933,55.6901,1.10656
01271_P014_T01-S013_MFG_R0613_LJ-20220704_RJ_stamp_2022_08_26_14_51.ano.eswc,8,108,2515.71,67.7371,58.6206,1.09065
01272_P014_T01-S013_MFG_R0613_LJ-20220704_YXQ_stamp_2022_08_26_14_52.ano.eswc,9,168,4324.85,66.3719,51.1552,1.10156
01274_P014_T01-S013_MFG_R0613_LJ-20220704_YXQ_stamp_2022_08_25_09_25.ano.eswc,11,87,2981.05,77.2437,56.4041,1.10678
01275_P014_T01-S013_MFG_R0613_LJ-20220704_YXQ_stamp_2022_08_25_09_25.ano.eswc,10,114,3095.42,79.0272,57.3698,1.11354
01277_P014_T01-S013_MFG_R0460_LJ-20220704_LJ_stamp_2022_08_25_09_07.ano.eswc,9,83,2307.95,80.5468,63.7186,1.10798
01286_P010_T01-S011_TP_R0460_LJ-20220607_LJ_stamp_2022_08_26_14_53.ano.eswc,6,80,1609.02,67.9942,56.297,1.06854
01292_P010_T01-S022_TP_R0460_LJ-20220607_LJ_stamp_2022_08_25_09_42.ano.eswc,6,88,2095.8,85.9552,58.8685,1.06787
01295_P015_T03-S013_(X)FG_R0460_LJ-20220629_YXQ_stamp_2022_08_26_14_55.ano.eswc,6,123,2186.24,71.0401,59.8928,1.13344
01298_P015_T03-S013_(X)FG_R0613_LJ-20220629_YXQ_stamp_2022_08_25_09_57.ano.eswc,6,84,2731.07,72.6304,54.7599,1.07677
01299_P015_T03-S013_(X)FG_R0613_LJ-20220629_YXQ_stamp_2022_08_31_14_43.ano.eswc,4,132,3058.99,85.8943,61.5094,1.11942
01300_P015_T03-S013_(X)FG_R0460_LJ-20220629_LJ_stamp_2022_08_25_10_28.ano.eswc,6,67,1900.48,79.2067,60.0196,1.06985
01312_P016_T01-S020_OL_R0460_LJ-20220706_YXQ_stamp_2022_08_29_14_57.ano.eswc,9,45,1246.06,85.9539,65.096,1.06554
01313_P014_T01-S017_MFG_R0460_LJ-20220704_YXQ_stamp_2022_07_20_16_15.ano.eswc,12,87,2450.57,79.081,58.5186,1.07124
01314_P014_T01-S017_MFG_R0460_LJ-20220704_YXQ_stamp_2022_07_20_16_42.ano.eswc,8,88,2567.35,91.0284,61.1176,1.10043
01315_P014_T01-S017_MFG_R0460_LJ-20220704_YXQ_stamp_2022_07_20_17_22.ano.eswc,13,100,3295.65,90.4595,68.7821,1.07323
01316_P014_T01-S017_MFG_R0460_LJ-20220704_YXQ_stamp_2022_07_21_16_31.ano.eswc,12,64,2024.21,85.4613,68.5406,1.08331
01318_P014_T01-S017_MFG_R0613_LJ-20220704_LJ_stamp_2022_08_11_16_37.ano.eswc,13,104,4444.62,82.0817,61.1147,1.13356
01319_P014_T01-S017_MFG_R0613_LJ-20220704_LJ_stamp_2022_08_12_16_57.ano.eswc,11,113,4058.47,82.1912,68.5763,1.09722
01320_P014_T01-S017_MFG_R0613_LJ-20220704_LJ_stamp_2022_08_12_16_57.ano.eswc,11,119,4260.78,83.7703,59.8725,1.09187
01321_P014_T01-S017_MFG_R0460_LJ-20220704_LJ_stamp_2022_08_26_14_57.ano.eswc,6,70,1407.08,80.3529,64.9355,1.03969
01322_P014_T01-S017_MFG_R0613_LJ-20220704_LJ_stamp_2022_08_31_13_42.ano.eswc,9,155,3670.61,76.3822,58.394,1.11556
01329_P014_T01-S032_MFG_R0460_LJ-20220704_YXQ_stamp_2022_08_26_14_59.ano.eswc,5,58,1462.96,87.9508,72.1025,1.06057
01331_P014_T01-S033_MFG_R0460_LJ-20220704_YXQ_stamp_2022_08_25_09_19.ano.eswc,7,55,1415.58,88.0484,69.6999,1.07904
01332_P014_T01-S033_MFG_R0613_LJ-20220704_YXQ_stamp_2022_08_25_09_19.ano.eswc,9,71,1765.92,86.5646,59.9111,1.10312
01335_P015_T03-S009_(X)FG_R0460_LJ-20220629_LJ_stamp_2022_08_26_15_00.ano.eswc,6,94,1827.12,89.6093,55.9919,1.11141
01339_P014_T01-S014_MFG_R0613_LJ-20220704_YXQ_stamp_2022_08_29_10_02.ano.eswc,9,97,3301.87,81.7203,59.1665,1.1069
01340_P014_T01-S014_MFG_R0613_LJ-20220704_YXQ_stamp_2022_08_26_15_01.ano.eswc,6,98,2197.11,83.25,61.0842,1.06706
01342_P014_T01-S014_MFG_R0460_LJ-20220704_LJ_stamp_2022_08_26_15_02.ano.eswc,10,122,2764.38,85.3572,59.9072,1.12995
01348_P008_T01-S003_SPL_R0613_LJ-20220621_LJ_stamp_2022_08_29_10_03.ano.eswc,7,73,2236.96,83.1426,64.8564,1.1067
01350_P014_T01-S010_MFG_R0460_LJ-20220704_LJ_stamp_2022_08_29_10_04.ano.eswc,9,89,2749.51,80.3604,57.313,1.11167
01351_P014_T01-S010_MFG_R0613_LJ-20220704_LJ_stamp_2022_08_25_09_19.ano.eswc,10,150,4918.07,83.6648,61.655,1.11143
01352_P014_T01-S010_MFG_R0460_LJ-20220704_LJ_stamp_2022_08_25_09_20.ano.eswc,9,97,3030.53,77.853,54.3575,1.10642
01353_P014_T01-S010_MFG_R0613_LJ-20220704_LJ_stamp_2022_08_25_09_20.ano.eswc,11,121,3453.17,78.3759,57.6674,1.13126
01356_P014_T01-S010_MFG_R0613_LJ-20220704_LJ_stamp_2022_08_26_15_04.ano.eswc,9,83,3156.21,89.6002,69.6149,1.10093
01357_P014_T01-S010_MFG_R0613_LJ-20220704_LJ_stamp_2022_08_29_10_05.ano.eswc,10,110,3106.97,61.1632,58.5229,1.05747
01359_P014_T01-S010_MFG_R0460_LJ-20220704_LJ_stamp_2022_08_31_14_45.ano.eswc,8,104,2086.39,84.913,63.5871,1.08687
01360_P014_T01-S010_MFG_R0460_LJ-20220704_LJ_stamp_2022_08_29_16_54.ano.eswc,11,111,2819.17,83.8855,58.218,1.09153
01361_P014_T01-S010_MFG_R0613_LJ-20220704_LJ_stamp_2022_08_25_09_20.ano.eswc,11,105,4029.91,73.2799,59.7404,1.13336
01362_P014_T01-S010_MFG_R0613_LJ-20220704_LJ_stamp_2022_08_25_09_20.ano.eswc,9,105,3872.65,81.8068,59.2967,1.12048
01364_P014_T01-S010_MFG_R0613_LJ-20220704_YXQ_stamp_2022_08_25_09_20.ano.eswc,8,97,4088.1,83.1169,60.0568,1.08267
01365_P014_T01-S010_MFG_R0613_LJ-20220704_YXQ_stamp_2022_08_25_09_21.ano.eswc,9,84,2771.07,87.9767,57.3859,1.08925
01367_P014_T01-S010_MFG_R0460_LJ-20220704_YXQ_stamp_2022_08_31_14_57.ano.eswc,10,104,3056.13,75.4275,56.3069,1.06526
01370_P014_T01-S010_MFG_R0613_LJ-20220704_YXQ_stamp_2022_08_26_10_17.ano.eswc,6,108,3602.27,76.8531,56.536,1.12007
01375_P014_T01-S006_MFG_R0613_LJ-20220704_YXQ_stamp_2022_08_26_15_06.ano.eswc,6,56,1337.6,83.471,64.9276,1.11022
01376_P014_T01-S006_MFG_R0460_LJ-20220704_YXQ_stamp_2022_08_26_10_15.ano.eswc,7,89,2148.62,81.716,64.8702,1.05588
01377_P014_T01-S006_MFG_R0613_LJ-20220704_YXQ_stamp_2022_08_26_10_14.ano.eswc,12,101,3140.77,82.9811,62.3011,1.12317
01378_P014_T01-S006_MFG_R0613_LJ-20220704_YXQ_stamp_2022_08_25_09_42.ano.eswc,11,92,2959.57,78.2009,58.9679,1.11967
01382_P014_T01-S006_MFG_R0460_LJ-20220704_YXQ_stamp_2022_08_25_10_32.ano.eswc,10,98,3400,75.6496,58.2152,1.08437
01384_P014_T01-S005_MFG_R0613_LJ-20220704_LJ_stamp_2022_08_30_16_17.ano.eswc,12,66,2947.66,81.919,56.5078,1.13919
01387_P014_T01-S005_MFG_R0460_LJ-20220704_LJ_stamp_2022_08_25_15_28.ano.eswc,8,86,2413.08,79.8482,63.5522,1.08738
01394_P014_T01-S005_MFG_R0613_LJ-20220704_YXQ_stamp_2022_08_25_16_52.ano.eswc,10,126,3593.38,80.3332,58.6645,1.12387
01395_P014_T01-S005_MFG_R0613_LJ-20220704_YXQ_stamp_2022_08_26_15_07.ano.eswc,5,83,2070.16,78.1291,61.3508,1.05065
01396_P014_T01-S005_MFG_R0460_LJ-20220704_YXQ_stamp_2022_08_29_16_55.ano.eswc,7,79,2144.05,80.7674,62.7024,1.0377
01397_P014_T01-S005_MFG_R0460_LJ-20220704_LJ_stamp_2022_08_26_15_08.ano.eswc,7,88,2030.74,87.6531,68.3979,1.06131
01398_P014_T01-S005_MFG_R0460_LJ-20220704_LJ_stamp_2022_08_31_14_47.ano.eswc,6,56,1475.78,77.9079,64.7176,1.05087
01399_P014_T01-S005_MFG_R0460_LJ-20220704_LJ_stamp_2022_08_29_16_56.ano.eswc,6,68,1782.73,77.937,60.2575,1.05405
01400_P014_T01-S005_MFG_R0613_LJ-20220704_LJ_stamp_2022_08_29_16_56.ano.eswc,14,145,4883.68,78.3133,56.5967,1.13911
01402_P014_T01-S005_MFG_R0460_LJ-20220704_LJ_stamp_2022_08_26_15_10.ano.eswc,5,97,2278.14,90.8776,58.7739,1.06947
01404_P014_T01-S005_MFG_R0460_LJ-20220704_LJ_stamp_2022_08_26_15_58.ano.eswc,7,71,1366.14,76.3792,61.353,1.06745
01405_P014_T01-S005_MFG_R0460_LJ-20220704_LJ_stamp_2022_08_30_16_16.ano.eswc,11,63,1698.94,89.4735,57.3032,1.06021
01406_P014_T01-S005_MFG_R0460_LJ-20220704_LJ_stamp_2022_08_29_16_57.ano.eswc,10,80,1780.64,81.7645,57.0537,1.08106
01407_P014_T01-S005_MFG_R0460_LJ-20220704_LJ_stamp_2022_08_26_16_29.ano.eswc,6,114,2028.08,91.3181,61.9889,1.07593
01409_P014_T01-S037_MFG_R0460_LJ-20220704_RJ_stamp_2022_08_26_16_54.ano.eswc,5,67,1748.01,79.5224,62.0298,1.11629
01421_P014_T01-S015_MFG_R0460_LJ-20220704_YXQ_stamp_2022_08_26_17_15.ano.eswc,6,90,1878.41,84.9003,65.3982,1.06574
01427_P014_T01-S015_MFG_R0460_LJ-20220704_YXQ_stamp_2022_08_31_13_50.ano.eswc,6,68,1571.89,68.7709,58.6254,1.03914
01432_P017_T01-S014_IFG_R0460_LJ-20220714_YXQ_stamp_2022_08_31_13_54.ano.eswc,8,88,2070.94,78.64,57.4487,1.0796
01435_P014_T01-S011_MFG_R0613_LJ-20220704_YXQ_stamp_2022_08_31_13_59.ano.eswc,8,136,3639.72,85.601,58.4254,1.11094
01437_P014_T01-S011_MFG_R0613_LJ-20220704_YXQ_stamp_2022_08_31_14_57.ano.eswc,8,126,3324.11,75.7794,57.187,1.10594
01438_P014_T01-S011_MFG_R0613_LJ-20220704_YXQ_stamp_2022_08_31_14_04.ano.eswc,6,144,4607.2,80.1266,59.3462,1.13841
01441_P014_T01-S011_MFG_R0613_LJ-20220704_YXQ_stamp_2022_08_27_16_44.ano.eswc,6,76,2564.12,85.3353,64.2578,1.1173
01443_P014_T01-S011_MFG_R0613_LJ-20220704_YXQ_stamp_2022_08_27_17_11.ano.eswc,7,71,2261.08,85.434,65.1224,1.06852
01444_P014_T01-S011_MFG_R0460_LJ-20220704_YXQ_stamp_2022_08_31_15_00.ano.eswc,10,52,2074.78,91.8383,62.1011,1.09237
01446_P014_T01-S011_MFG_R0613_LJ-20220704_YXQ_stamp_2022_08_25_10_48.ano.eswc,8,76,2892.31,84.6314,60.8755,1.11248
01447_P014_T01-S011_MFG_R0613_LJ-20220704_YXQ_stamp_2022_08_25_11_04.ano.eswc,10,95,3646.29,77.9951,55.2353,1.10081
01449_P014_T01-S011_MFG_R0613_LJ-20220704_YXQ_stamp_2022_08_25_11_14.ano.eswc,12,87,3126.98,81.1017,65.8041,1.11887
01452_P014_T01-S011_MFG_R0613_LJ-20220704_LJ_stamp_2022_08_25_11_28.ano.eswc,14,120,4911.1,72.7303,63.0978,1.14202
01454_P014_T01-S011_MFG_R0460_LJ-20220704_LJ_stamp_2022_08_31_15_18.ano.eswc,10,90,2601.36,86.0381,60.9347,1.11501
01458_P014_T01-S011_MFG_R0460_LJ-20220704_LJ_stamp_2022_08_27_17_48.ano.eswc,8,98,2001.04,85.2817,61.5734,1.12169
01462_P014_T01-S011_MFG_R0613_LJ-20220704_LJ_stamp_2022_08_31_14_07.ano.eswc,8,98,2500.76,81.793,55.1287,1.11381
01465_P014_T01-S011_MFG_R0613_LJ-20220704_LJ_stamp_2022_08_27_18_36.ano.eswc,9,82,2257.49,70.6653,56.3212,1.06169
01466_P014_T01-S011_MFG_R0460_LJ-20220704_LJ_stamp_2022_08_31_14_50.ano.eswc,7,111,2520.91,84.324,59.4778,1.11051
01469_P014_T01-S004_MFG_R0460_LJ-20220704_LJ_stamp_2022_08_31_14_11.ano.eswc,5,109,2163.46,78.0674,60.0618,1.06407
01471_P014_T01-S004_MFG_R0460_LJ-20220704_LJ_stamp_2022_08_27_20_49.ano.eswc,7,55,1597.02,85.6519,70.3417,1.05681
01473_P014_T01-S004_MFG_R0460_LJ-20220704_LJ_stamp_2022_08_31_14_13.ano.eswc,7,77,1861,80.7694,68.6494,1.07021
01474_P014_T01-S004_MFG_R0460_LJ-20220704_LJ_stamp_2022_08_23_16_26.ano.eswc,7,91,1914.47,75.7046,66.7552,1.09001
01475_P014_T01-S004_MFG_R0613_LJ-20220704_LJ_stamp_2022_08_23_16_58.ano.eswc,9,66,2104.28,77.7057,61.8362,1.05428
01476_P014_T01-S004_MFG_R0613_LJ-20220704_LJ_stamp_2022_08_31_14_24.ano.eswc,6,57,2233.23,76.7319,66.1216,1.09097
01477_P014_T01-S004_MFG_R0460_LJ-20220704_LJ_stamp_2022_08_23_17_58.ano.eswc,4,81,1970.96,78.6087,63.0472,1.07568
01482_P014_T01-S004_MFG_R0460_LJ-20220704_LJ_stamp_2022_08_23_18_15.ano.eswc,6,50,1207.82,85.5731,74.7341,1.08593
01483_P014_T01-S004_MFG_R0613_LJ-20220704_LJ_stamp_2022_08_24_09_22.ano.eswc,4,108,3041.54,71.11,62.2955,1.10125
01485_P014_T01-S004_MFG_R0460_LJ-20220704_LJ_stamp_2022_08_24_10_09.ano.eswc,11,52,1795.44,67.0745,66.1465,1.0505
01488_P014_T01-S004_MFG_R0613_LJ-20220704_LJ_stamp_2022_08_24_13_17.ano.eswc,5,81,2972.61,78.0951,66.5866,1.08999
01492_P014_T01-S008_MFG_R0460_LJ-20220704_RJ_stamp_2022_08_31_15_32.ano.eswc,5,68,1804,77.3705,63.0164,1.04293
01501_P014_T01-S003_MFG_R0460_LJ-20220704_RJ_stamp_2022_08_24_14_09.ano.eswc,5,69,1509.87,64.108,48.9367,1.07213
01503_P014_T01-S018_MFG_R0613_LJ-20220704_LJ_stamp_2022_08_24_15_12.ano.eswc,5,89,2254.99,75.1508,67.98,1.1197
01504_P014_T01-S018_MFG_R0613_LJ-20220704_LJ_stamp_2022_08_24_15_48.ano.eswc,6,66,1789.43,83.0266,65.1111,1.10332
01505_P014_T01-S018_MFG_R0613_LJ-20220704_LJ_stamp_2022_08_24_16_40.ano.eswc,10,79,2836.17,68.0583,60.0961,1.11233
01506_P014_T01-S018_MFG_R0613_LJ-20220704_LJ_stamp_2022_08_24_17_15.ano.eswc,6,73,2885.65,88.2075,68.701,1.09925
01507_P014_T01-S018_MFG_R0613_LJ-20220704_LJ_stamp_2022_08_30_10_22.ano.eswc,8,130,4323.88,85.0909,66.7501,1.10971
01508_P014_T01-S018_MFG_R0460_LJ-20220704_LJ_stamp_2022_08_30_11_02.ano.eswc,12,106,3163.69,84.6923,62.4307,1.13998
01509_P014_T01-S018_MFG_R0613_LJ-20220704_LJ_stamp_2022_08_30_12_52.ano.eswc,7,81,3062.29,78.5754,55.1833,1.09157
01510_P014_T01-S018_MFG_R0613_LJ-20220704_LJ_stamp_2022_08_25_09_50.ano.eswc,8,82,2786.35,82.3044,61.2126,1.13707
01511_P014_T01-S018_MFG_R0613_LJ-20220704_YXQ_stamp_2022_08_25_10_50.ano.eswc,6,100,4043.41,78.38,61.4687,1.11119
01518_P014_T01-S018_MFG_R0460_LJ-20220704_YXQ_stamp_2022_08_30_13_23.ano.eswc,5,92,2499.87,86.8127,74.1289,1.04711
01519_P014_T01-S018_MFG_R0460_LJ-20220704_YXQ_stamp_2022_08_30_14_38.ano.eswc,6,90,2691.81,70.3918,56.5118,1.08443
01520_P014_T01-S018_MFG_R0613_LJ-20220704_LJ_stamp_2022_08_25_12_01.ano.eswc,7,100,3108.89,82.357,61.7571,1.11481
01521_P014_T01-S018_MFG_R0460_LJ-20220704_LJ_stamp_2022_08_25_14_40.ano.eswc,7,65,1863.9,73.4057,51.944,1.08093
01522_P014_T01-S018_MFG_R0460_LJ-20220704_LJ_stamp_2022_08_25_15_22.ano.eswc,9,85,2654.53,66.55,60.1453,1.14807
01523_P014_T01-S018_MFG_R0460_LJ-20220704_LJ_stamp_2022_08_25_16_15.ano.eswc,8,90,2776.13,70.9206,57.7928,1.11549
01525_P014_T01-S019_MFG_R0613_LJ-20220704_LJ_stamp_2022_08_12_16_58.ano.eswc,11,53,2660.04,87.1852,62.0448,1.11792
01529_P014_T01-S019_MFG_R0613_LJ-20220704_YXQ_stamp_2022_08_12_16_58.ano.eswc,8,87,3248.16,82.8388,58.8044,1.14177
01530_P014_T01-S019_MFG_R0460_LJ-20220704_YXQ_stamp_2022_08_12_16_58.ano.eswc,10,68,2220,80.8958,62.04,1.12602
01535_P018_T01-S009_SPL_R0613_LJ-20220728_YXQ_stamp_2022_08_12_16_59.ano.eswc,6,82,2817.03,77.414,59.5072,1.10971
01537_P018_T01-S009_SPL_R0613_LJ-20220728_YXQ_stamp_2022_08_12_16_59.ano.eswc,9,85,2653.06,92.7375,61.3695,1.10416
01538_P018_T01-S009_SPL_R0460_LJ-20220728_LJ_stamp_2022_08_12_16_59.ano.eswc,12,74,2171.06,78.3837,59.9644,1.07402
01541_P018_T01-S009_SPL_R0460_LJ-20220728_LJ_stamp_2022_08_18_09_12.ano.eswc,9,62,1964.44,78.5456,56.0929,1.08165
01545_P018_T01-S023_SPL_R0460_LJ-20220728_LJ_stamp_2022_08_27_21_26.ano.eswc,4,90,2184.44,80.8237,60.7232,1.05665
01548_P018_T01-S023_SPL_R0460_LJ-20220728_LJ_stamp_2022_08_25_17_11.ano.eswc,7,53,1397.01,75.9791,68.3308,1.06427
01549_P018_T01-S023_SPL_R0460_LJ-20220728_YXQ_stamp_2022_08_26_10_07.ano.eswc,6,58,1412.84,83.4808,60.8427,1.0548
01550_P018_T01-S023_SPL_R0460_LJ-20220728_YXQ_stamp_2022_08_30_14_52.ano.eswc,5,61,1517.52,82.7021,65.4676,1.03683
01551_P018_T01-S023_SPL_R0460_LJ-20220728_YXQ_stamp_2022_08_30_15_10.ano.eswc,5,47,1219.12,81.426,61.1333,1.07153
01552_P018_T01-S023_SPL_R0460_LJ-20220728_YXQ_stamp_2022_08_25_09_13.ano.eswc,7,57,1773.07,75.1289,62.8954,1.05441
01557_P018_T01-S012_SPL_R0460_LJ-20220728_YXQ_stamp_2022_08_25_09_13.ano.eswc,9,69,2143.42,82.9358,56.5243,1.09963
01559_P018_T01-S012_SPL_R0460_LJ-20220728_YXQ_stamp_2022_08_25_09_13.ano.eswc,8,96,2621.25,88.9698,61.0998,1.05733
01560_P018_T01-S012_SPL_R0460_LJ-20220728_YXQ_stamp_2022_08_25_09_14.ano.eswc,11,61,2381.63,88.5215,70.9477,1.13607
01561_P018_T01-S012_SPL_R0613_LJ-20220728_YXQ_stamp_2022_08_25_09_17.ano.eswc,10,99,4438.77,88.8159,57.654,1.09013
01564_P018_T01-S012_SPL_R0460_LJ-20220728_LJ_stamp_2022_08_25_09_18.ano.eswc,9,55,1956.03,73.8864,67.178,1.07407
01566_P018_T01-S012_SPL_R0460_LJ-20220728_LJ_stamp_2022_08_25_09_18.ano.eswc,11,79,2258.9,87.9581,61.9778,1.05386
01570_P018_T01-S023_SPL_R0613_LJ-20220728_YXQ_stamp_2022_08_26_13_42.ano.eswc,8,116,4727.31,83.57,56.7915,1.09455
01571_P018_T01-S023_SPL_R0613_LJ-20220728_YXQ_stamp_2022_08_27_21_45.ano.eswc,6,104,2811.89,74.1812,56.9975,1.07735
01572_P018_T01-S023_SPL_R0613_LJ-20220728_YXQ_stamp_2022_08_26_14_40.ano.eswc,5,107,3936.04,76.4962,56.0926,1.13147
01573_P018_T01-S023_SPL_R0613_LJ-20220728_YXQ_stamp_2022_08_26_15_55.ano.eswc,6,99,2565.31,80.7936,59.5441,1.0838
01574_P019_T03-S004_SFG_R0460_GYC-20220711_LJ_stamp_2022_08_26_17_02.ano.eswc,11,74,2052.85,87.5094,58.8114,1.06434
01576_P019_T03-S004_SFG_R0613_GYC-20220711_LJ_stamp_2022_08_29_09_49.ano.eswc,8,149,3920.88,75.4951,57.8767,1.13837
01579_P019_T03-S004_SFG_R0460_GYC-20220711_LJ_stamp_2022_08_30_16_48.ano.eswc,7,99,2587.22,68.3366,51.7095,1.09958
01581_P019_T03-S004_SFG_R0460_GYC-20220711_LJ_stamp_2022_08_29_14_55.ano.eswc,10,151,4635.78,72.041,49.7451,1.14211
01583_P018_T01-S012_SPL_R0613_LJ-20220728_LJ_stamp_2022_08_27_22_17.ano.eswc,6,88,2873.84,74.3823,57.7781,1.09071
01584_P018_T01-S012_SPL_R0613_LJ-20220728_LJ_stamp_2022_08_31_14_17.ano.eswc,6,70,2159.39,77.0206,66.2955,1.07756
01585_P018_T01-S012_SPL_R0613_LJ-20220728_LJ_stamp_2022_08_31_14_20.ano.eswc,6,126,3668.67,76.4655,61.2887,1.0856
01586_P018_T01-S012_SPL_R0460_LJ-20220728_LJ_stamp_2022_08_27_23_20.ano.eswc,6,106,2556.71,82.0858,61.9222,1.06343
01587_P018_T01-S012_SPL_R0460_LJ-20220728_LJ_stamp_2022_08_29_15_23.ano.eswc,9,68,2173.05,90.2176,60.488,1.06234
01588_P018_T01-S012_SPL_R0460_LJ-20220728_LJ_stamp_2022_08_27_22_55.ano.eswc,8,78,1553.31,78.5641,56.1125,1.07221
01589_P018_T01-S012_SPL_R0460_LJ-20220728_LJ_stamp_2022_08_31_14_23.ano.eswc,9,103,2136.93,84.9059,62.2517,1.11755
01590_P018_T01-S012_SPL_R0460_LJ-20220728_LJ_stamp_2022_08_25_14_24.ano.eswc,8,65,2164.48,74.466,62.2773,1.13248
01597_P018_T01-S012_SPL_R0613_LJ-20220728_YXQ_stamp_2022_08_27_22_16.ano.eswc,9,69,2473.05,68.3241,57.5042,1.07992
01604_P018_T01-S012_SPL_R0613_LJ-20220728_YXQ_stamp_2022_08_31_14_26.ano.eswc,7,129,3619.21,69.1853,54.0628,1.08609
01605_P018_T01-S012_SPL_R0460_LJ-20220728_YXQ_stamp_2022_08_27_20_46.ano.eswc,11,97,3062.53,74.9789,50.9194,1.06604
01607_P018_T01-S012_SPL_R0613_LJ-20220728_LJ_stamp_2022_08_27_13_07.ano.eswc,11,79,3071.39,76.5808,61.8482,1.08497
01610_P018_T01-S012_SPL_R0460_LJ-20220728_LJ_stamp_2022_08_27_13_09.ano.eswc,6,46,1516,91.1048,71.9373,1.10967
01611_P018_T01-S012_SPL_R0460_LJ-20220728_LJ_stamp_2022_08_27_13_10.ano.eswc,6,64,2256.2,83.2832,56.6144,1.11299
01612_P018_T01-S012_SPL_R0460_LJ-20220728_LJ_stamp_2022_08_27_13_11.ano.eswc,5,117,3039.64,73.2591,55.9402,1.13012
01613_P018_T01-S012_SPL_R0460_LJ-20220728_LJ_stamp_2022_08_31_13_53.ano.eswc,7,65,2122.9,78.7323,68.9542,1.09504
01614_P018_T01-S012_SPL_R0460_LJ-20220728_LJ_stamp_2022_08_27_13_14.ano.eswc,6,102,3038.89,75.3764,61.4086,1.06125
01615_P018_T01-S012_SPL_R0460_LJ-20220728_LJ_stamp_2022_08_27_13_18.ano.eswc,4,78,1763.42,75.1676,60.206,1.0822
01616_P018_T01-S012_SPL_R0460_LJ-20220728_LJ_stamp_2022_08_27_13_19.ano.eswc,10,62,2206.54,67.4145,54.6711,1.08153
01638_P018_T01-S026_SPL_R0613_LJ-20220728_RJ_stamp_2022_08_25_09_18.ano.eswc,9,71,2472.34,84.8575,61.7121,1.09116
01641_P018_T01-S024_SPL_R0460_LJ-20220728_RJ_stamp_2022_08_25_09_18.ano.eswc,11,73,2280.89,85.9766,64.488,1.06788
01645_P018_T01-S025_SPL_R0460_LJ-20220728_RJ_stamp_2022_08_29_15_34.ano.eswc,5,37,1071.54,89.4984,60.6706,1.0764
01647_P018_T01-S025_SPL_R0460_LJ-20220728_RJ_stamp_2022_08_29_15_56.ano.eswc,8,61,1354.91,73.2066,62.7745,1.08744
01648_P018_T01-S025_SPL_R0460_LJ-20220728_RJ_stamp_2022_08_31_14_28.ano.eswc,10,108,2756.22,77.9172,56.7804,1.11872
01649_P018_T01-S025_SPL_R0613_LJ-20220728_RJ_stamp_2022_08_29_16_29.ano.eswc,6,88,2700.66,82.8956,62.2902,1.1045
01650_P018_T01-S025_SPL_R0460_LJ-20220728_RJ_stamp_2022_08_27_18_15.ano.eswc,7,53,1842.53,93.1818,60.9667,1.05983
01653_P018_T01-S025_SPL_R0613_LJ-20220728_RJ_stamp_2022_08_29_16_58.ano.eswc,6,84,2198.16,77.8964,53.557,1.13793
01654_P018_T01-S025_SPL_R0460_LJ-20220728_RJ_stamp_2022_08_29_16_49.ano.eswc,5,81,1888.51,89.9499,63.075,1.08227
01659_P018_T01-S025_SPL_R0460_LJ-20220728_RJ_stamp_2022_08_29_17_01.ano.eswc,7,50,1263.17,82.2756,55.5513,1.07549
01661_P018_T01-S025_SPL_R0613_LJ-20220728_RJ_stamp_2022_08_29_17_22.ano.eswc,5,57,1571.8,72.9906,57.1867,1.13517
01665_P018_T01-S025_SPL_R0460_LJ-20220728_RJ_stamp_2022_08_29_18_02.ano.eswc,7,87,1922.95,75.8972,57.4803,1.04837
01666_P018_T01-S025_SPL_R0613_LJ-20220728_RJ_stamp_2022_08_30_09_21.ano.eswc,6,64,1826.55,89.5941,56.7765,1.10633
01670_P018_T01-S027_SPL_R0613_LJ-20220728_RJ_stamp_2022_08_31_15_19.ano.eswc,5,85,2650.55,81.0264,68.839,1.09821
01671_P018_T01-S027_SPL_R0919_LJ-20220728_RJ_stamp_2022_08_29_16_58.ano.eswc,8,82,2611.22,74.5054,59.4401,1.08345
01672_P018_T01-S027_SPL_R0613_LJ-20220728_RJ_stamp_2022_08_31_15_06.ano.eswc,10,86,2680.35,90.5062,58.6107,1.09007
01678_P018_T01-S014_SPL_R0919_LJ-20220728_YXQ_stamp_2022_08_27_13_21.ano.eswc,6,94,3179.49,73.2735,59.6956,1.10689
01679_P018_T01-S014_SPL_R0613_LJ-20220728_YXQ_stamp_2022_08_27_13_22.ano.eswc,7,75,2774.87,75.9669,61.5857,1.07693
01680_P018_T01-S014_SPL_R0613_LJ-20220728_YXQ_stamp_2022_08_27_13_24.ano.eswc,6,79,2161.99,73.8693,59.867,1.06511
01681_P018_T01-S014_SPL_R0919_LJ-20220728_YXQ_stamp_2022_08_27_13_25.ano.eswc,5,75,3253.43,69.6551,57.5826,1.06095
01682_P018_T01-S014_SPL_R0919_LJ-20220728_YXQ_stamp_2022_08_27_13_27.ano.eswc,7,77,3138.2,66.9616,61.0914,1.08275
01683_P018_T01-S014_SPL_R0460_LJ-20220728_YXQ_stamp_2022_08_27_13_28.ano.eswc,11,93,2328.05,84.2346,68.9843,1.1562
01684_P018_T01-S014_SPL_R0613_LJ-20220728_YXQ_stamp_2022_08_27_13_31.ano.eswc,9,77,2432.78,74.6463,55.5266,1.1075
01686_P018_T01-S014_SPL_R0613_LJ-20220728_YXQ_stamp_2022_08_27_13_33.ano.eswc,8,84,2920.25,69.4656,60.8027,1.11739
01688_P018_T01-S014_SPL_R0460_LJ-20220728_YXQ_stamp_2022_08_27_14_18.ano.eswc,6,86,1873.56,80.9455,65.4161,1.07171
01690_P018_T01-S014_SPL_R0460_LJ-20220728_YXQ_stamp_2022_08_27_13_43.ano.eswc,7,59,1985.17,86.2565,62.3463,1.041
01692_P018_T01-S014_SPL_R0613_LJ-20220728_YXQ_stamp_2022_08_27_15_27.ano.eswc,8,88,2394.13,69.6246,59.1966,1.08915
01695_P018_T01-S014_SPL_R0613_LJ-20220728_YXQ_stamp_2022_08_31_14_51.ano.eswc,5,53,1920.61,68.668,60.3676,1.08874
01697_P018_T01-S014_SPL_R0460_LJ-20220728_YXQ_stamp_2022_08_22_16_03.ano.eswc,5,71,1786.58,73.0855,62.7093,1.06137
01698_P018_T01-S014_SPL_R0460_LJ-20220728_YXQ_stamp_2022_08_22_15_41.ano.eswc,8,56,1667.5,68.2542,55.4037,1.04172
01699_P018_T01-S014_SPL_R0460_LJ-20220728_YXQ_stamp_2022_08_25_09_12.ano.eswc,10,70,2082.93,77.357,62.6581,1.05175
01701_P018_T01-S014_SPL_R0460_LJ-20220728_YXQ_stamp_2022_08_22_15_22.ano.eswc,5,75,1740.59,88.5365,58.5789,1.04628
01738_P018_T01-S029_SPL_R0613_LJ-20220728_YXQ_stamp_2022_08_25_09_11.ano.eswc,9,98,3288.27,82.1884,56.0901,1.11766
01745_P018_T01-S029_SPL_R0613_LJ-20220728_YXQ_stamp_2022_08_25_09_12.ano.eswc,9,64,1870.53,81.1908,62.1399,1.07918